,ID,CooX,CooY,CooZ,Date,Value
1106,San_Pedro,581987.0,7466178.0,2450.0,1986-08-31,38.3
1107,San_Pedro,581987.0,7466178.0,2450.0,1986-09-30,21.8
1108,San_Pedro,581987.0,7466178.0,2450.0,1986-10-31,26.5
1109,San_Pedro,581987.0,7466178.0,2450.0,1986-11-30,27.8
1110,San_Pedro,581987.0,7466178.0,2450.0,1986-12-31,31.2
1111,San_Pedro,581987.0,7466178.0,2450.0,1987-01-31,42.8
1112,San_Pedro,581987.0,7466178.0,2450.0,1987-02-28,41.0
1113,San_Pedro,581987.0,7466178.0,2450.0,1987-03-31,44.0
1114,San_Pedro,581987.0,7466178.0,2450.0,1987-04-30,22.1
1115,San_Pedro,581987.0,7466178.0,2450.0,1987-05-31,18.0
1116,San_Pedro,581987.0,7466178.0,2450.0,1987-06-30,17.8
1117,San_Pedro,581987.0,7466178.0,2450.0,1987-07-31,22.7
1118,San_Pedro,581987.0,7466178.0,2450.0,1987-08-31,11.0
1119,San_Pedro,581987.0,7466178.0,2450.0,1987-09-30,14.9
1120,San_Pedro,581987.0,7466178.0,2450.0,1987-10-31,21.4
1121,San_Pedro,581987.0,7466178.0,2450.0,1987-11-30,18.7
1122,San_Pedro,581987.0,7466178.0,2450.0,1987-12-31,22.1
1123,San_Pedro,581987.0,7466178.0,2450.0,1988-01-31,32.5
1124,San_Pedro,581987.0,7466178.0,2450.0,1988-02-29,29.3
1125,San_Pedro,581987.0,7466178.0,2450.0,1988-03-31,29.9
1126,San_Pedro,581987.0,7466178.0,2450.0,1988-04-30,25.1
1127,San_Pedro,581987.0,7466178.0,2450.0,1988-05-31,28.9
1128,San_Pedro,581987.0,7466178.0,2450.0,1988-06-30,20.8
1129,San_Pedro,581987.0,7466178.0,2450.0,1988-07-31,11.4
1130,San_Pedro,581987.0,7466178.0,2450.0,1988-08-31,5.8
1131,San_Pedro,581987.0,7466178.0,2450.0,1988-09-30,13.3
967,Peine,595137.0,7380682.0,2460.0,1988-10-31,16.8
1132,San_Pedro,581987.0,7466178.0,2450.0,1988-10-31,7.5
1207,Toconao_Exp,602387.873999999,7434809.217,2500.0,1988-10-31,17.8
968,Peine,595137.0,7380682.0,2460.0,1988-11-30,19.8
1133,San_Pedro,581987.0,7466178.0,2450.0,1988-11-30,14.6
1208,Toconao_Exp,602387.873999999,7434809.217,2500.0,1988-11-30,25.2
969,Peine,595137.0,7380682.0,2460.0,1988-12-31,32.5
1134,San_Pedro,581987.0,7466178.0,2450.0,1988-12-31,25.9
1209,Toconao_Exp,602387.873999999,7434809.217,2500.0,1988-12-31,44.6
970,Peine,595137.0,7380682.0,2460.0,1989-01-31,35.8
1135,San_Pedro,581987.0,7466178.0,2450.0,1989-01-31,32.9
1210,Toconao_Exp,602387.873999999,7434809.217,2500.0,1989-01-31,45.9
971,Peine,595137.0,7380682.0,2460.0,1989-02-28,62.4
1136,San_Pedro,581987.0,7466178.0,2450.0,1989-02-28,58.5
1211,Toconao_Exp,602387.873999999,7434809.217,2500.0,1989-02-28,67.4
972,Peine,595137.0,7380682.0,2460.0,1989-03-31,56.5
1137,San_Pedro,581987.0,7466178.0,2450.0,1989-03-31,51.3
1212,Toconao_Exp,602387.873999999,7434809.217,2500.0,1989-03-31,41.7
973,Peine,595137.0,7380682.0,2460.0,1989-04-30,48.6
1213,Toconao_Exp,602387.873999999,7434809.217,2500.0,1989-04-30,28.2
974,Peine,595137.0,7380682.0,2460.0,1989-05-31,28.2
1214,Toconao_Exp,602387.873999999,7434809.217,2500.0,1989-05-31,29.8
975,Peine,595137.0,7380682.0,2460.0,1989-06-30,41.9
1215,Toconao_Exp,602387.873999999,7434809.217,2500.0,1989-06-30,31.3
976,Peine,595137.0,7380682.0,2460.0,1989-07-31,37.4
1216,Toconao_Exp,602387.873999999,7434809.217,2500.0,1989-07-31,22.7
977,Peine,595137.0,7380682.0,2460.0,1989-08-31,30.5
1217,Toconao_Exp,602387.873999999,7434809.217,2500.0,1989-08-31,24.6
978,Peine,595137.0,7380682.0,2460.0,1989-09-30,34.3
1218,Toconao_Exp,602387.873999999,7434809.217,2500.0,1989-09-30,21.4
979,Peine,595137.0,7380682.0,2460.0,1989-10-31,34.2
1219,Toconao_Exp,602387.873999999,7434809.217,2500.0,1989-10-31,17.0
980,Peine,595137.0,7380682.0,2460.0,1989-11-30,39.2
1220,Toconao_Exp,602387.873999999,7434809.217,2500.0,1989-11-30,17.7
981,Peine,595137.0,7380682.0,2460.0,1989-12-31,41.7
1221,Toconao_Exp,602387.873999999,7434809.217,2500.0,1989-12-31,29.2
982,Peine,595137.0,7380682.0,2460.0,1990-01-31,51.0
983,Peine,595137.0,7380682.0,2460.0,1990-02-28,51.9
984,Peine,595137.0,7380682.0,2460.0,1990-03-31,50.4
1222,Toconao_Exp,602387.873999999,7434809.217,2500.0,1990-03-31,15.0
985,Peine,595137.0,7380682.0,2460.0,1990-04-30,42.7
1223,Toconao_Exp,602387.873999999,7434809.217,2500.0,1990-04-30,8.4
986,Peine,595137.0,7380682.0,2460.0,1990-05-31,37.1
1224,Toconao_Exp,602387.873999999,7434809.217,2500.0,1990-05-31,10.2
987,Peine,595137.0,7380682.0,2460.0,1990-06-30,33.9
1225,Toconao_Exp,602387.873999999,7434809.217,2500.0,1990-06-30,10.6
988,Peine,595137.0,7380682.0,2460.0,1990-07-31,29.2
1226,Toconao_Exp,602387.873999999,7434809.217,2500.0,1990-07-31,9.1
989,Peine,595137.0,7380682.0,2460.0,1990-08-31,25.0
1227,Toconao_Exp,602387.873999999,7434809.217,2500.0,1990-08-31,6.3
990,Peine,595137.0,7380682.0,2460.0,1990-09-30,22.4
1228,Toconao_Exp,602387.873999999,7434809.217,2500.0,1990-09-30,4.8
991,Peine,595137.0,7380682.0,2460.0,1990-10-31,29.6
1229,Toconao_Exp,602387.873999999,7434809.217,2500.0,1990-10-31,8.7
992,Peine,595137.0,7380682.0,2460.0,1990-11-30,31.6
1230,Toconao_Exp,602387.873999999,7434809.217,2500.0,1990-11-30,8.6
993,Peine,595137.0,7380682.0,2460.0,1990-12-31,40.2
1231,Toconao_Exp,602387.873999999,7434809.217,2500.0,1990-12-31,15.9
994,Peine,595137.0,7380682.0,2460.0,1991-01-31,44.5
1232,Toconao_Exp,602387.873999999,7434809.217,2500.0,1991-01-31,48.8
995,Peine,595137.0,7380682.0,2460.0,1991-02-28,43.5
1233,Toconao_Exp,602387.873999999,7434809.217,2500.0,1991-02-28,43.1
996,Peine,595137.0,7380682.0,2460.0,1991-03-31,47.0
1234,Toconao_Exp,602387.873999999,7434809.217,2500.0,1991-03-31,42.8
997,Peine,595137.0,7380682.0,2460.0,1991-04-30,36.7
1235,Toconao_Exp,602387.873999999,7434809.217,2500.0,1991-04-30,34.0
998,Peine,595137.0,7380682.0,2460.0,1991-05-31,30.4
1236,Toconao_Exp,602387.873999999,7434809.217,2500.0,1991-05-31,30.5
999,Peine,595137.0,7380682.0,2460.0,1991-06-30,30.3
1237,Toconao_Exp,602387.873999999,7434809.217,2500.0,1991-06-30,33.8
1000,Peine,595137.0,7380682.0,2460.0,1991-07-31,16.1
1238,Toconao_Exp,602387.873999999,7434809.217,2500.0,1991-07-31,27.3
1001,Peine,595137.0,7380682.0,2460.0,1991-08-31,21.1
1239,Toconao_Exp,602387.873999999,7434809.217,2500.0,1991-08-31,25.6
1002,Peine,595137.0,7380682.0,2460.0,1991-09-30,8.0
1240,Toconao_Exp,602387.873999999,7434809.217,2500.0,1991-09-30,13.7
1003,Peine,595137.0,7380682.0,2460.0,1991-10-31,10.4
1241,Toconao_Exp,602387.873999999,7434809.217,2500.0,1991-10-31,13.5
1004,Peine,595137.0,7380682.0,2460.0,1991-11-30,12.3
1242,Toconao_Exp,602387.873999999,7434809.217,2500.0,1991-11-30,15.1
1005,Peine,595137.0,7380682.0,2460.0,1991-12-31,21.6
1243,Toconao_Exp,602387.873999999,7434809.217,2500.0,1991-12-31,17.8
1006,Peine,595137.0,7380682.0,2460.0,1992-01-31,26.9
1244,Toconao_Exp,602387.873999999,7434809.217,2500.0,1992-01-31,18.4
1007,Peine,595137.0,7380682.0,2460.0,1992-02-29,26.3
1245,Toconao_Exp,602387.873999999,7434809.217,2500.0,1992-02-29,20.3
1008,Peine,595137.0,7380682.0,2460.0,1992-03-31,28.5
1246,Toconao_Exp,602387.873999999,7434809.217,2500.0,1992-03-31,21.7
1009,Peine,595137.0,7380682.0,2460.0,1992-04-30,22.5
1247,Toconao_Exp,602387.873999999,7434809.217,2500.0,1992-04-30,15.3
1010,Peine,595137.0,7380682.0,2460.0,1992-05-31,21.8
1248,Toconao_Exp,602387.873999999,7434809.217,2500.0,1992-05-31,15.3
1011,Peine,595137.0,7380682.0,2460.0,1992-06-30,27.2
1249,Toconao_Exp,602387.873999999,7434809.217,2500.0,1992-06-30,15.1
1250,Toconao_Exp,602387.873999999,7434809.217,2500.0,1992-07-31,22.6
1251,Toconao_Exp,602387.873999999,7434809.217,2500.0,1992-08-31,16.3
1252,Toconao_Exp,602387.873999999,7434809.217,2500.0,1992-09-30,12.1
1253,Toconao_Exp,602387.873999999,7434809.217,2500.0,1992-10-31,9.7
1254,Toconao_Exp,602387.873999999,7434809.217,2500.0,1992-11-30,16.4
1255,Toconao_Exp,602387.873999999,7434809.217,2500.0,1992-12-31,22.5
1012,Peine,595137.0,7380682.0,2460.0,1993-01-31,44.4
1256,Toconao_Exp,602387.873999999,7434809.217,2500.0,1993-01-31,28.4
1013,Peine,595137.0,7380682.0,2460.0,1993-02-28,26.2
1138,Socaire,613092.0,7390963.0,3251.0,1993-02-28,21.4
1257,Toconao_Exp,602387.873999999,7434809.217,2500.0,1993-02-28,20.9
1014,Peine,595137.0,7380682.0,2460.0,1993-03-31,22.6
1139,Socaire,613092.0,7390963.0,3251.0,1993-03-31,32.3
1258,Toconao_Exp,602387.873999999,7434809.217,2500.0,1993-03-31,26.1
1015,Peine,595137.0,7380682.0,2460.0,1993-04-30,10.8
1140,Socaire,613092.0,7390963.0,3251.0,1993-04-30,14.8
1259,Toconao_Exp,602387.873999999,7434809.217,2500.0,1993-04-30,13.1
1141,Socaire,613092.0,7390963.0,3251.0,1993-05-31,20.4
1260,Toconao_Exp,602387.873999999,7434809.217,2500.0,1993-05-31,19.8
1261,Toconao_Exp,602387.873999999,7434809.217,2500.0,1993-06-30,22.5
1262,Toconao_Exp,602387.873999999,7434809.217,2500.0,1993-07-31,37.6
1263,Toconao_Exp,602387.873999999,7434809.217,2500.0,1993-08-31,30.1
1264,Toconao_Exp,602387.873999999,7434809.217,2500.0,1993-09-30,23.1
1265,Toconao_Exp,602387.873999999,7434809.217,2500.0,1993-10-31,13.0
1266,Toconao_Exp,602387.873999999,7434809.217,2500.0,1993-11-30,15.6
1267,Toconao_Exp,602387.873999999,7434809.217,2500.0,1994-01-31,27.6
1268,Toconao_Exp,602387.873999999,7434809.217,2500.0,1994-02-28,30.6
1269,Toconao_Exp,602387.873999999,7434809.217,2500.0,1994-03-31,27.6
1270,Toconao_Exp,602387.873999999,7434809.217,2500.0,1994-04-30,31.5
1271,Toconao_Exp,602387.873999999,7434809.217,2500.0,1994-05-31,31.3
1272,Toconao_Exp,602387.873999999,7434809.217,2500.0,1994-06-30,34.0
1273,Toconao_Exp,602387.873999999,7434809.217,2500.0,1994-07-31,30.1
1274,Toconao_Exp,602387.873999999,7434809.217,2500.0,1994-08-31,22.9
1275,Toconao_Exp,602387.873999999,7434809.217,2500.0,1994-09-30,15.5
1276,Toconao_Exp,602387.873999999,7434809.217,2500.0,1994-10-31,16.0
1277,Toconao_Exp,602387.873999999,7434809.217,2500.0,1994-11-30,19.6
1278,Toconao_Exp,602387.873999999,7434809.217,2500.0,1994-12-31,20.9
1279,Toconao_Exp,602387.873999999,7434809.217,2500.0,1995-03-31,31.8
1280,Toconao_Exp,602387.873999999,7434809.217,2500.0,1995-04-30,26.1
1281,Toconao_Exp,602387.873999999,7434809.217,2500.0,1995-05-31,21.6
1282,Toconao_Exp,602387.873999999,7434809.217,2500.0,1995-06-30,26.8
1283,Toconao_Exp,602387.873999999,7434809.217,2500.0,1996-02-29,20.2
1284,Toconao_Exp,602387.873999999,7434809.217,2500.0,1996-03-31,23.0
1285,Toconao_Exp,602387.873999999,7434809.217,2500.0,1996-04-30,17.5
1286,Toconao_Exp,602387.873999999,7434809.217,2500.0,1996-05-31,22.4
1287,Toconao_Exp,602387.873999999,7434809.217,2500.0,1996-06-30,26.6
1288,Toconao_Exp,602387.873999999,7434809.217,2500.0,1996-07-31,20.9
1289,Toconao_Exp,602387.873999999,7434809.217,2500.0,1996-08-31,33.3
1290,Toconao_Exp,602387.873999999,7434809.217,2500.0,1996-09-30,17.4
1291,Toconao_Exp,602387.873999999,7434809.217,2500.0,1996-10-31,13.5
1292,Toconao_Exp,602387.873999999,7434809.217,2500.0,1996-11-30,15.6
1293,Toconao_Exp,602387.873999999,7434809.217,2500.0,1997-01-31,39.9
1294,Toconao_Exp,602387.873999999,7434809.217,2500.0,1997-02-28,47.2
1295,Toconao_Exp,602387.873999999,7434809.217,2500.0,1997-03-31,44.5
1296,Toconao_Exp,602387.873999999,7434809.217,2500.0,1997-05-31,53.1
1297,Toconao_Exp,602387.873999999,7434809.217,2500.0,1997-07-31,37.5
1298,Toconao_Exp,602387.873999999,7434809.217,2500.0,1997-08-31,42.7
1299,Toconao_Exp,602387.873999999,7434809.217,2500.0,1997-09-30,46.3
1300,Toconao_Exp,602387.873999999,7434809.217,2500.0,1997-10-31,35.6
1301,Toconao_Exp,602387.873999999,7434809.217,2500.0,1997-11-30,43.0
1302,Toconao_Exp,602387.873999999,7434809.217,2500.0,1998-01-31,50.1
1303,Toconao_Exp,602387.873999999,7434809.217,2500.0,1998-02-28,50.2
1304,Toconao_Exp,602387.873999999,7434809.217,2500.0,1998-03-31,49.6
1305,Toconao_Exp,602387.873999999,7434809.217,2500.0,1998-04-30,45.9
1306,Toconao_Exp,602387.873999999,7434809.217,2500.0,1998-05-31,54.4
1307,Toconao_Exp,602387.873999999,7434809.217,2500.0,1998-06-30,48.9
1308,Toconao_Exp,602387.873999999,7434809.217,2500.0,1998-07-31,58.9
1309,Toconao_Exp,602387.873999999,7434809.217,2500.0,1998-08-31,48.5
1310,Toconao_Exp,602387.873999999,7434809.217,2500.0,1998-09-30,32.8
1142,Socaire,613092.0,7390963.0,3251.0,1998-10-31,15.1
1311,Toconao_Exp,602387.873999999,7434809.217,2500.0,1998-10-31,32.2
1143,Socaire,613092.0,7390963.0,3251.0,1998-11-30,15.0
1312,Toconao_Exp,602387.873999999,7434809.217,2500.0,1998-11-30,34.2
1313,Toconao_Exp,602387.873999999,7434809.217,2500.0,1998-12-31,31.2
1314,Toconao_Exp,602387.873999999,7434809.217,2500.0,1999-02-28,34.3
0,Chaxa,583500.0,7424261.0,2307.0,1999-08-31,17.5
1,Chaxa,583500.0,7424261.0,2307.0,1999-09-30,13.0
2,Chaxa,583500.0,7424261.0,2307.0,1999-10-31,17.2
1315,Toconao_Exp,602387.873999999,7434809.217,2500.0,1999-10-31,19.6
3,Chaxa,583500.0,7424261.0,2307.0,1999-11-30,16.0
1316,Toconao_Exp,602387.873999999,7434809.217,2500.0,1999-11-30,24.6
4,Chaxa,583500.0,7424261.0,2307.0,1999-12-31,17.4
1317,Toconao_Exp,602387.873999999,7434809.217,2500.0,1999-12-31,25.4
5,Chaxa,583500.0,7424261.0,2307.0,2000-01-31,35.5
1318,Toconao_Exp,602387.873999999,7434809.217,2500.0,2000-01-31,40.1
6,Chaxa,583500.0,7424261.0,2307.0,2000-02-29,27.9
1319,Toconao_Exp,602387.873999999,7434809.217,2500.0,2000-02-29,48.6
7,Chaxa,583500.0,7424261.0,2307.0,2000-03-31,30.1
1320,Toconao_Exp,602387.873999999,7434809.217,2500.0,2000-03-31,64.2
8,Chaxa,583500.0,7424261.0,2307.0,2000-04-30,24.7
1321,Toconao_Exp,602387.873999999,7434809.217,2500.0,2000-04-30,47.2
9,Chaxa,583500.0,7424261.0,2307.0,2000-05-31,22.0
1322,Toconao_Exp,602387.873999999,7434809.217,2500.0,2000-05-31,16.8
10,Chaxa,583500.0,7424261.0,2307.0,2000-06-30,24.4
1323,Toconao_Exp,602387.873999999,7434809.217,2500.0,2000-06-30,27.7
11,Chaxa,583500.0,7424261.0,2307.0,2000-07-31,18.9
1324,Toconao_Exp,602387.873999999,7434809.217,2500.0,2000-07-31,27.4
12,Chaxa,583500.0,7424261.0,2307.0,2000-08-31,16.3
1325,Toconao_Exp,602387.873999999,7434809.217,2500.0,2000-08-31,23.4
13,Chaxa,583500.0,7424261.0,2307.0,2000-09-30,15.2
1326,Toconao_Exp,602387.873999999,7434809.217,2500.0,2000-09-30,38.0
14,Chaxa,583500.0,7424261.0,2307.0,2000-10-31,13.2
1327,Toconao_Exp,602387.873999999,7434809.217,2500.0,2000-10-31,43.7
15,Chaxa,583500.0,7424261.0,2307.0,2000-11-30,13.8
1328,Toconao_Exp,602387.873999999,7434809.217,2500.0,2000-11-30,48.7
16,Chaxa,583500.0,7424261.0,2307.0,2000-12-31,19.1
1329,Toconao_Exp,602387.873999999,7434809.217,2500.0,2000-12-31,57.8
17,Chaxa,583500.0,7424261.0,2307.0,2001-01-31,27.8
237,KCL,561354.0,7396247.0,2307.0,2001-01-31,29.8
18,Chaxa,583500.0,7424261.0,2307.0,2001-02-28,35.9
238,KCL,561354.0,7396247.0,2307.0,2001-02-28,36.9
1330,Toconao_Exp,602387.873999999,7434809.217,2500.0,2001-02-28,43.6
19,Chaxa,583500.0,7424261.0,2307.0,2001-03-31,49.7
239,KCL,561354.0,7396247.0,2307.0,2001-03-31,44.3
1331,Toconao_Exp,602387.873999999,7434809.217,2500.0,2001-03-31,55.0
20,Chaxa,583500.0,7424261.0,2307.0,2001-04-30,28.6
240,KCL,561354.0,7396247.0,2307.0,2001-04-30,24.8
1332,Toconao_Exp,602387.873999999,7434809.217,2500.0,2001-04-30,41.1
21,Chaxa,583500.0,7424261.0,2307.0,2001-05-31,24.4
241,KCL,561354.0,7396247.0,2307.0,2001-05-31,21.6
1333,Toconao_Exp,602387.873999999,7434809.217,2500.0,2001-05-31,30.0
22,Chaxa,583500.0,7424261.0,2307.0,2001-06-30,22.5
242,KCL,561354.0,7396247.0,2307.0,2001-06-30,17.2
23,Chaxa,583500.0,7424261.0,2307.0,2001-07-31,20.9
243,KCL,561354.0,7396247.0,2307.0,2001-07-31,16.0
24,Chaxa,583500.0,7424261.0,2307.0,2001-08-31,20.0
244,KCL,561354.0,7396247.0,2307.0,2001-08-31,16.8
1334,Toconao_Exp,602387.873999999,7434809.217,2500.0,2001-08-31,27.3
25,Chaxa,583500.0,7424261.0,2307.0,2001-09-30,19.1
245,KCL,561354.0,7396247.0,2307.0,2001-09-30,18.5
1335,Toconao_Exp,602387.873999999,7434809.217,2500.0,2001-09-30,37.1
26,Chaxa,583500.0,7424261.0,2307.0,2001-10-31,15.4
246,KCL,561354.0,7396247.0,2307.0,2001-10-31,14.8
1336,Toconao_Exp,602387.873999999,7434809.217,2500.0,2001-10-31,32.2
27,Chaxa,583500.0,7424261.0,2307.0,2001-11-30,13.9
247,KCL,561354.0,7396247.0,2307.0,2001-11-30,13.9
28,Chaxa,583500.0,7424261.0,2307.0,2001-12-31,14.5
248,KCL,561354.0,7396247.0,2307.0,2001-12-31,17.6
1337,Toconao_Exp,602387.873999999,7434809.217,2500.0,2001-12-31,32.0
249,KCL,561354.0,7396247.0,2307.0,2002-01-31,22.7
1338,Toconao_Exp,602387.873999999,7434809.217,2500.0,2002-01-31,43.1
250,KCL,561354.0,7396247.0,2307.0,2002-02-28,32.3
1339,Toconao_Exp,602387.873999999,7434809.217,2500.0,2002-02-28,45.3
29,Chaxa,583500.0,7424261.0,2307.0,2002-03-31,31.9
251,KCL,561354.0,7396247.0,2307.0,2002-03-31,37.3
1340,Toconao_Exp,602387.873999999,7434809.217,2500.0,2002-03-31,55.4
30,Chaxa,583500.0,7424261.0,2307.0,2002-04-30,27.9
252,KCL,561354.0,7396247.0,2307.0,2002-04-30,24.9
31,Chaxa,583500.0,7424261.0,2307.0,2002-05-31,26.6
253,KCL,561354.0,7396247.0,2307.0,2002-05-31,25.7
32,Chaxa,583500.0,7424261.0,2307.0,2002-06-30,21.8
254,KCL,561354.0,7396247.0,2307.0,2002-06-30,17.6
1341,Toconao_Exp,602387.873999999,7434809.217,2500.0,2002-06-30,54.3
33,Chaxa,583500.0,7424261.0,2307.0,2002-07-31,30.2
255,KCL,561354.0,7396247.0,2307.0,2002-07-31,30.0
1342,Toconao_Exp,602387.873999999,7434809.217,2500.0,2002-07-31,50.9
34,Chaxa,583500.0,7424261.0,2307.0,2002-08-31,18.5
256,KCL,561354.0,7396247.0,2307.0,2002-08-31,17.1
1343,Toconao_Exp,602387.873999999,7434809.217,2500.0,2002-08-31,44.5
35,Chaxa,583500.0,7424261.0,2307.0,2002-09-30,15.1
257,KCL,561354.0,7396247.0,2307.0,2002-09-30,14.0
1344,Toconao_Exp,602387.873999999,7434809.217,2500.0,2002-09-30,56.7
36,Chaxa,583500.0,7424261.0,2307.0,2002-10-31,16.0
258,KCL,561354.0,7396247.0,2307.0,2002-10-31,15.4
1345,Toconao_Exp,602387.873999999,7434809.217,2500.0,2002-10-31,59.0
37,Chaxa,583500.0,7424261.0,2307.0,2002-11-30,14.4
259,KCL,561354.0,7396247.0,2307.0,2002-11-30,13.4
1346,Toconao_Exp,602387.873999999,7434809.217,2500.0,2002-11-30,58.7
38,Chaxa,583500.0,7424261.0,2307.0,2002-12-31,17.0
260,KCL,561354.0,7396247.0,2307.0,2002-12-31,17.4
1347,Toconao_Exp,602387.873999999,7434809.217,2500.0,2002-12-31,64.1
39,Chaxa,583500.0,7424261.0,2307.0,2003-01-31,21.7
261,KCL,561354.0,7396247.0,2307.0,2003-01-31,22.8
1348,Toconao_Exp,602387.873999999,7434809.217,2500.0,2003-01-31,63.5
40,Chaxa,583500.0,7424261.0,2307.0,2003-02-28,30.5
262,KCL,561354.0,7396247.0,2307.0,2003-02-28,32.4
1349,Toconao_Exp,602387.873999999,7434809.217,2500.0,2003-02-28,66.4
41,Chaxa,583500.0,7424261.0,2307.0,2003-03-31,23.8
263,KCL,561354.0,7396247.0,2307.0,2003-03-31,25.4
1350,Toconao_Exp,602387.873999999,7434809.217,2500.0,2003-03-31,50.7
42,Chaxa,583500.0,7424261.0,2307.0,2003-04-30,17.1
264,KCL,561354.0,7396247.0,2307.0,2003-04-30,18.1
1351,Toconao_Exp,602387.873999999,7434809.217,2500.0,2003-04-30,75.3
43,Chaxa,583500.0,7424261.0,2307.0,2003-05-31,27.3
265,KCL,561354.0,7396247.0,2307.0,2003-05-31,26.0
1352,Toconao_Exp,602387.873999999,7434809.217,2500.0,2003-05-31,66.6
44,Chaxa,583500.0,7424261.0,2307.0,2003-06-30,19.5
266,KCL,561354.0,7396247.0,2307.0,2003-06-30,17.2
1353,Toconao_Exp,602387.873999999,7434809.217,2500.0,2003-06-30,59.3
45,Chaxa,583500.0,7424261.0,2307.0,2003-07-31,22.5
267,KCL,561354.0,7396247.0,2307.0,2003-07-31,20.9
1354,Toconao_Exp,602387.873999999,7434809.217,2500.0,2003-07-31,60.3
46,Chaxa,583500.0,7424261.0,2307.0,2003-08-31,17.1
268,KCL,561354.0,7396247.0,2307.0,2003-08-31,16.2
47,Chaxa,583500.0,7424261.0,2307.0,2003-09-30,13.7
269,KCL,561354.0,7396247.0,2307.0,2003-09-30,13.1
1355,Toconao_Exp,602387.873999999,7434809.217,2500.0,2003-09-30,47.4
48,Chaxa,583500.0,7424261.0,2307.0,2003-10-31,14.4
270,KCL,561354.0,7396247.0,2307.0,2003-10-31,13.3
49,Chaxa,583500.0,7424261.0,2307.0,2003-11-30,15.3
271,KCL,561354.0,7396247.0,2307.0,2003-11-30,15.1
1356,Toconao_Exp,602387.873999999,7434809.217,2500.0,2003-11-30,51.7
50,Chaxa,583500.0,7424261.0,2307.0,2003-12-31,18.4
272,KCL,561354.0,7396247.0,2307.0,2003-12-31,17.9
1357,Toconao_Exp,602387.873999999,7434809.217,2500.0,2003-12-31,49.5
51,Chaxa,583500.0,7424261.0,2307.0,2004-01-31,23.5
273,KCL,561354.0,7396247.0,2307.0,2004-01-31,25.3
1358,Toconao_Exp,602387.873999999,7434809.217,2500.0,2004-01-31,56.8
52,Chaxa,583500.0,7424261.0,2307.0,2004-02-29,29.0
274,KCL,561354.0,7396247.0,2307.0,2004-02-29,31.1
1359,Toconao_Exp,602387.873999999,7434809.217,2500.0,2004-02-29,63.0
53,Chaxa,583500.0,7424261.0,2307.0,2004-03-31,23.8
275,KCL,561354.0,7396247.0,2307.0,2004-03-31,23.9
1360,Toconao_Exp,602387.873999999,7434809.217,2500.0,2004-03-31,66.1
54,Chaxa,583500.0,7424261.0,2307.0,2004-04-30,21.2
276,KCL,561354.0,7396247.0,2307.0,2004-04-30,22.5
55,Chaxa,583500.0,7424261.0,2307.0,2004-05-31,18.1
277,KCL,561354.0,7396247.0,2307.0,2004-05-31,17.8
1361,Toconao_Exp,602387.873999999,7434809.217,2500.0,2004-05-31,76.3
56,Chaxa,583500.0,7424261.0,2307.0,2004-06-30,17.1
278,KCL,561354.0,7396247.0,2307.0,2004-06-30,15.2
1362,Toconao_Exp,602387.873999999,7434809.217,2500.0,2004-06-30,69.4
57,Chaxa,583500.0,7424261.0,2307.0,2004-07-31,22.5
279,KCL,561354.0,7396247.0,2307.0,2004-07-31,21.1
1363,Toconao_Exp,602387.873999999,7434809.217,2500.0,2004-07-31,70.7
58,Chaxa,583500.0,7424261.0,2307.0,2004-08-31,23.3
280,KCL,561354.0,7396247.0,2307.0,2004-08-31,23.3
1364,Toconao_Exp,602387.873999999,7434809.217,2500.0,2004-08-31,64.2
59,Chaxa,583500.0,7424261.0,2307.0,2004-09-30,15.0
281,KCL,561354.0,7396247.0,2307.0,2004-09-30,14.0
1365,Toconao_Exp,602387.873999999,7434809.217,2500.0,2004-09-30,55.5
60,Chaxa,583500.0,7424261.0,2307.0,2004-10-31,15.0
282,KCL,561354.0,7396247.0,2307.0,2004-10-31,14.5
1366,Toconao_Exp,602387.873999999,7434809.217,2500.0,2004-10-31,50.2
61,Chaxa,583500.0,7424261.0,2307.0,2004-11-30,16.7
283,KCL,561354.0,7396247.0,2307.0,2004-11-30,16.3
1367,Toconao_Exp,602387.873999999,7434809.217,2500.0,2004-11-30,42.0
62,Chaxa,583500.0,7424261.0,2307.0,2004-12-31,20.1
284,KCL,561354.0,7396247.0,2307.0,2004-12-31,21.8
1368,Toconao_Exp,602387.873999999,7434809.217,2500.0,2004-12-31,47.4
63,Chaxa,583500.0,7424261.0,2307.0,2005-01-31,29.6
285,KCL,561354.0,7396247.0,2307.0,2005-01-31,26.5
64,Chaxa,583500.0,7424261.0,2307.0,2005-02-28,20.8
286,KCL,561354.0,7396247.0,2307.0,2005-02-28,18.8
1369,Toconao_Exp,602387.873999999,7434809.217,2500.0,2005-02-28,50.8
65,Chaxa,583500.0,7424261.0,2307.0,2005-03-31,24.1
287,KCL,561354.0,7396247.0,2307.0,2005-03-31,22.0
1370,Toconao_Exp,602387.873999999,7434809.217,2500.0,2005-03-31,56.3
66,Chaxa,583500.0,7424261.0,2307.0,2005-04-30,19.2
288,KCL,561354.0,7396247.0,2307.0,2005-04-30,17.9
1371,Toconao_Exp,602387.873999999,7434809.217,2500.0,2005-04-30,53.3
67,Chaxa,583500.0,7424261.0,2307.0,2005-05-31,17.4
289,KCL,561354.0,7396247.0,2307.0,2005-05-31,12.9
1372,Toconao_Exp,602387.873999999,7434809.217,2500.0,2005-05-31,54.8
68,Chaxa,583500.0,7424261.0,2307.0,2005-06-30,16.4
290,KCL,561354.0,7396247.0,2307.0,2005-06-30,10.5
1373,Toconao_Exp,602387.873999999,7434809.217,2500.0,2005-06-30,60.5
69,Chaxa,583500.0,7424261.0,2307.0,2005-07-31,14.8
291,KCL,561354.0,7396247.0,2307.0,2005-07-31,6.6
70,Chaxa,583500.0,7424261.0,2307.0,2005-08-31,13.8
292,KCL,561354.0,7396247.0,2307.0,2005-08-31,10.9
1374,Toconao_Exp,602387.873999999,7434809.217,2500.0,2005-08-31,61.4
71,Chaxa,583500.0,7424261.0,2307.0,2005-09-30,19.8
293,KCL,561354.0,7396247.0,2307.0,2005-09-30,11.5
1375,Toconao_Exp,602387.873999999,7434809.217,2500.0,2005-09-30,32.7
72,Chaxa,583500.0,7424261.0,2307.0,2005-10-31,14.2
294,KCL,561354.0,7396247.0,2307.0,2005-10-31,16.9
1376,Toconao_Exp,602387.873999999,7434809.217,2500.0,2005-10-31,40.1
73,Chaxa,583500.0,7424261.0,2307.0,2005-11-30,14.4
295,KCL,561354.0,7396247.0,2307.0,2005-11-30,18.3
1377,Toconao_Exp,602387.873999999,7434809.217,2500.0,2005-11-30,37.8
74,Chaxa,583500.0,7424261.0,2307.0,2005-12-31,19.5
296,KCL,561354.0,7396247.0,2307.0,2005-12-31,24.7
75,Chaxa,583500.0,7424261.0,2307.0,2006-01-31,27.3
297,KCL,561354.0,7396247.0,2307.0,2006-01-31,32.3
76,Chaxa,583500.0,7424261.0,2307.0,2006-02-28,39.5
298,KCL,561354.0,7396247.0,2307.0,2006-02-28,39.5
77,Chaxa,583500.0,7424261.0,2307.0,2006-03-31,27.1
299,KCL,561354.0,7396247.0,2307.0,2006-03-31,33.7
1378,Toconao_Exp,602387.873999999,7434809.217,2500.0,2006-03-31,53.8
78,Chaxa,583500.0,7424261.0,2307.0,2006-04-30,23.7
300,KCL,561354.0,7396247.0,2307.0,2006-04-30,26.3
1379,Toconao_Exp,602387.873999999,7434809.217,2500.0,2006-04-30,32.8
79,Chaxa,583500.0,7424261.0,2307.0,2006-05-31,24.1
301,KCL,561354.0,7396247.0,2307.0,2006-05-31,20.4
1380,Toconao_Exp,602387.873999999,7434809.217,2500.0,2006-05-31,33.0
80,Chaxa,583500.0,7424261.0,2307.0,2006-06-30,25.8
302,KCL,561354.0,7396247.0,2307.0,2006-06-30,18.3
1381,Toconao_Exp,602387.873999999,7434809.217,2500.0,2006-06-30,41.7
81,Chaxa,583500.0,7424261.0,2307.0,2006-07-31,28.9
303,KCL,561354.0,7396247.0,2307.0,2006-07-31,16.0
1382,Toconao_Exp,602387.873999999,7434809.217,2500.0,2006-07-31,38.2
82,Chaxa,583500.0,7424261.0,2307.0,2006-08-31,27.5
304,KCL,561354.0,7396247.0,2307.0,2006-08-31,14.1
83,Chaxa,583500.0,7424261.0,2307.0,2006-09-30,23.4
305,KCL,561354.0,7396247.0,2307.0,2006-09-30,12.9
84,Chaxa,583500.0,7424261.0,2307.0,2006-10-31,23.3
306,KCL,561354.0,7396247.0,2307.0,2006-10-31,12.2
85,Chaxa,583500.0,7424261.0,2307.0,2006-11-30,24.2
307,KCL,561354.0,7396247.0,2307.0,2006-11-30,14.6
86,Chaxa,583500.0,7424261.0,2307.0,2006-12-31,24.5
308,KCL,561354.0,7396247.0,2307.0,2006-12-31,15.9
87,Chaxa,583500.0,7424261.0,2307.0,2007-01-31,23.8
309,KCL,561354.0,7396247.0,2307.0,2007-01-31,21.4
88,Chaxa,583500.0,7424261.0,2307.0,2007-02-28,24.8
310,KCL,561354.0,7396247.0,2307.0,2007-02-28,15.7
89,Chaxa,583500.0,7424261.0,2307.0,2007-03-31,24.7
311,KCL,561354.0,7396247.0,2307.0,2007-03-31,22.3
90,Chaxa,583500.0,7424261.0,2307.0,2007-04-30,20.7
312,KCL,561354.0,7396247.0,2307.0,2007-04-30,17.5
91,Chaxa,583500.0,7424261.0,2307.0,2007-05-31,20.0
313,KCL,561354.0,7396247.0,2307.0,2007-05-31,2.3
92,Chaxa,583500.0,7424261.0,2307.0,2007-06-30,21.5
314,KCL,561354.0,7396247.0,2307.0,2007-06-30,20.9
93,Chaxa,583500.0,7424261.0,2307.0,2007-07-31,17.8
315,KCL,561354.0,7396247.0,2307.0,2007-07-31,11.1
94,Chaxa,583500.0,7424261.0,2307.0,2007-08-31,16.5
316,KCL,561354.0,7396247.0,2307.0,2007-08-31,19.4
95,Chaxa,583500.0,7424261.0,2307.0,2007-09-30,14.5
317,KCL,561354.0,7396247.0,2307.0,2007-09-30,10.1
96,Chaxa,583500.0,7424261.0,2307.0,2007-10-31,14.4
318,KCL,561354.0,7396247.0,2307.0,2007-10-31,12.9
97,Chaxa,583500.0,7424261.0,2307.0,2007-11-30,16.5
319,KCL,561354.0,7396247.0,2307.0,2007-11-30,13.0
98,Chaxa,583500.0,7424261.0,2307.0,2007-12-31,16.9
320,KCL,561354.0,7396247.0,2307.0,2007-12-31,16.0
99,Chaxa,583500.0,7424261.0,2307.0,2008-01-31,31.9
100,Chaxa,583500.0,7424261.0,2307.0,2008-02-29,27.9
101,Chaxa,583500.0,7424261.0,2307.0,2008-03-31,27.5
102,Chaxa,583500.0,7424261.0,2307.0,2008-04-30,21.6
321,KCL,561354.0,7396247.0,2307.0,2008-04-30,21.0
103,Chaxa,583500.0,7424261.0,2307.0,2008-05-31,15.0
322,KCL,561354.0,7396247.0,2307.0,2008-05-31,14.6
104,Chaxa,583500.0,7424261.0,2307.0,2008-06-30,17.1
105,Chaxa,583500.0,7424261.0,2307.0,2008-07-31,14.0
106,Chaxa,583500.0,7424261.0,2307.0,2008-08-31,13.9
323,KCL,561354.0,7396247.0,2307.0,2008-08-31,12.8
107,Chaxa,583500.0,7424261.0,2307.0,2008-09-30,12.5
324,KCL,561354.0,7396247.0,2307.0,2008-09-30,11.7
108,Chaxa,583500.0,7424261.0,2307.0,2008-10-31,12.8
325,KCL,561354.0,7396247.0,2307.0,2008-10-31,11.3
109,Chaxa,583500.0,7424261.0,2307.0,2008-11-30,15.4
326,KCL,561354.0,7396247.0,2307.0,2008-11-30,13.9
110,Chaxa,583500.0,7424261.0,2307.0,2008-12-31,20.0
327,KCL,561354.0,7396247.0,2307.0,2008-12-31,19.0
111,Chaxa,583500.0,7424261.0,2307.0,2009-01-31,23.9
328,KCL,561354.0,7396247.0,2307.0,2009-01-31,22.6
112,Chaxa,583500.0,7424261.0,2307.0,2009-02-28,27.6
329,KCL,561354.0,7396247.0,2307.0,2009-02-28,27.7
113,Chaxa,583500.0,7424261.0,2307.0,2009-03-31,28.2
330,KCL,561354.0,7396247.0,2307.0,2009-03-31,26.4
114,Chaxa,583500.0,7424261.0,2307.0,2009-04-30,23.4
331,KCL,561354.0,7396247.0,2307.0,2009-04-30,22.0
115,Chaxa,583500.0,7424261.0,2307.0,2009-05-31,19.5
332,KCL,561354.0,7396247.0,2307.0,2009-05-31,19.8
116,Chaxa,583500.0,7424261.0,2307.0,2009-06-30,14.8
333,KCL,561354.0,7396247.0,2307.0,2009-06-30,13.3
117,Chaxa,583500.0,7424261.0,2307.0,2009-07-31,17.1
334,KCL,561354.0,7396247.0,2307.0,2009-07-31,16.0
118,Chaxa,583500.0,7424261.0,2307.0,2009-08-31,13.6
335,KCL,561354.0,7396247.0,2307.0,2009-08-31,13.6
119,Chaxa,583500.0,7424261.0,2307.0,2009-09-30,13.6
336,KCL,561354.0,7396247.0,2307.0,2009-09-30,12.9
120,Chaxa,583500.0,7424261.0,2307.0,2009-10-31,13.3
337,KCL,561354.0,7396247.0,2307.0,2009-10-31,13.3
121,Chaxa,583500.0,7424261.0,2307.0,2009-11-30,16.5
338,KCL,561354.0,7396247.0,2307.0,2009-11-30,17.3
122,Chaxa,583500.0,7424261.0,2307.0,2009-12-31,18.4
339,KCL,561354.0,7396247.0,2307.0,2009-12-31,17.8
123,Chaxa,583500.0,7424261.0,2307.0,2010-01-31,20.9
340,KCL,561354.0,7396247.0,2307.0,2010-01-31,20.2
124,Chaxa,583500.0,7424261.0,2307.0,2010-02-28,26.1
341,KCL,561354.0,7396247.0,2307.0,2010-02-28,25.3
125,Chaxa,583500.0,7424261.0,2307.0,2010-03-31,20.0
342,KCL,561354.0,7396247.0,2307.0,2010-03-31,19.8
126,Chaxa,583500.0,7424261.0,2307.0,2010-04-30,19.0
343,KCL,561354.0,7396247.0,2307.0,2010-04-30,18.7
127,Chaxa,583500.0,7424261.0,2307.0,2010-05-31,22.9
344,KCL,561354.0,7396247.0,2307.0,2010-05-31,24.6
128,Chaxa,583500.0,7424261.0,2307.0,2010-06-30,18.3
345,KCL,561354.0,7396247.0,2307.0,2010-06-30,18.1
129,Chaxa,583500.0,7424261.0,2307.0,2010-07-31,14.0
346,KCL,561354.0,7396247.0,2307.0,2010-07-31,13.8
130,Chaxa,583500.0,7424261.0,2307.0,2010-08-31,13.6
347,KCL,561354.0,7396247.0,2307.0,2010-08-31,12.8
131,Chaxa,583500.0,7424261.0,2307.0,2010-09-30,13.4
348,KCL,561354.0,7396247.0,2307.0,2010-09-30,13.0
132,Chaxa,583500.0,7424261.0,2307.0,2010-10-31,14.3
349,KCL,561354.0,7396247.0,2307.0,2010-10-31,13.7
133,Chaxa,583500.0,7424261.0,2307.0,2010-11-30,15.7
350,KCL,561354.0,7396247.0,2307.0,2010-11-30,14.9
134,Chaxa,583500.0,7424261.0,2307.0,2010-12-31,20.3
351,KCL,561354.0,7396247.0,2307.0,2010-12-31,19.5
135,Chaxa,583500.0,7424261.0,2307.0,2011-01-31,22.9
352,KCL,561354.0,7396247.0,2307.0,2011-01-31,22.8
136,Chaxa,583500.0,7424261.0,2307.0,2011-02-28,37.2
353,KCL,561354.0,7396247.0,2307.0,2011-02-28,35.6
137,Chaxa,583500.0,7424261.0,2307.0,2011-03-31,22.1
354,KCL,561354.0,7396247.0,2307.0,2011-03-31,20.3
138,Chaxa,583500.0,7424261.0,2307.0,2011-04-30,23.6
355,KCL,561354.0,7396247.0,2307.0,2011-04-30,22.7
139,Chaxa,583500.0,7424261.0,2307.0,2011-05-31,18.3
356,KCL,561354.0,7396247.0,2307.0,2011-05-31,17.5
140,Chaxa,583500.0,7424261.0,2307.0,2011-06-30,24.9
357,KCL,561354.0,7396247.0,2307.0,2011-06-30,25.1
1016,SOP,562717.0,7403324.0,2300.0,2011-06-30,26.1
141,Chaxa,583500.0,7424261.0,2307.0,2011-07-31,24.9
358,KCL,561354.0,7396247.0,2307.0,2011-07-31,25.4
142,Chaxa,583500.0,7424261.0,2307.0,2011-08-31,15.1
359,KCL,561354.0,7396247.0,2307.0,2011-08-31,13.5
1017,SOP,562717.0,7403324.0,2300.0,2011-08-31,14.1
143,Chaxa,583500.0,7424261.0,2307.0,2011-09-30,12.0
360,KCL,561354.0,7396247.0,2307.0,2011-09-30,11.3
1018,SOP,562717.0,7403324.0,2300.0,2011-09-30,11.8
144,Chaxa,583500.0,7424261.0,2307.0,2011-10-31,13.2
361,KCL,561354.0,7396247.0,2307.0,2011-10-31,12.7
1019,SOP,562717.0,7403324.0,2300.0,2011-10-31,12.9
145,Chaxa,583500.0,7424261.0,2307.0,2011-11-30,15.6
362,KCL,561354.0,7396247.0,2307.0,2011-11-30,14.6
1020,SOP,562717.0,7403324.0,2300.0,2011-11-30,15.1
146,Chaxa,583500.0,7424261.0,2307.0,2011-12-31,21.4
363,KCL,561354.0,7396247.0,2307.0,2011-12-31,20.4
1021,SOP,562717.0,7403324.0,2300.0,2011-12-31,20.9
147,Chaxa,583500.0,7424261.0,2307.0,2012-01-31,26.8
364,KCL,561354.0,7396247.0,2307.0,2012-01-31,26.2
1022,SOP,562717.0,7403324.0,2300.0,2012-01-31,26.6
148,Chaxa,583500.0,7424261.0,2307.0,2012-02-29,41.1
365,KCL,561354.0,7396247.0,2307.0,2012-02-29,35.3
1023,SOP,562717.0,7403324.0,2300.0,2012-02-29,36.2
149,Chaxa,583500.0,7424261.0,2307.0,2012-03-31,30.6
366,KCL,561354.0,7396247.0,2307.0,2012-03-31,26.0
1024,SOP,562717.0,7403324.0,2300.0,2012-03-31,27.0
150,Chaxa,583500.0,7424261.0,2307.0,2012-04-30,28.6
367,KCL,561354.0,7396247.0,2307.0,2012-04-30,27.3
1025,SOP,562717.0,7403324.0,2300.0,2012-04-30,27.9
151,Chaxa,583500.0,7424261.0,2307.0,2012-05-31,20.5
368,KCL,561354.0,7396247.0,2307.0,2012-05-31,17.4
1026,SOP,562717.0,7403324.0,2300.0,2012-05-31,18.9
152,Chaxa,583500.0,7424261.0,2307.0,2012-06-30,21.5
369,KCL,561354.0,7396247.0,2307.0,2012-06-30,18.6
1027,SOP,562717.0,7403324.0,2300.0,2012-06-30,19.2
153,Chaxa,583500.0,7424261.0,2307.0,2012-07-31,19.2
370,KCL,561354.0,7396247.0,2307.0,2012-07-31,16.5
1028,SOP,562717.0,7403324.0,2300.0,2012-07-31,17.7
154,Chaxa,583500.0,7424261.0,2307.0,2012-08-31,15.2
371,KCL,561354.0,7396247.0,2307.0,2012-08-31,13.3
1029,SOP,562717.0,7403324.0,2300.0,2012-08-31,14.2
155,Chaxa,583500.0,7424261.0,2307.0,2012-09-30,13.8
372,KCL,561354.0,7396247.0,2307.0,2012-09-30,12.8
156,Chaxa,583500.0,7424261.0,2307.0,2012-10-31,12.6
373,KCL,561354.0,7396247.0,2307.0,2012-10-31,11.7
1030,SOP,562717.0,7403324.0,2300.0,2012-10-31,11.8
157,Chaxa,583500.0,7424261.0,2307.0,2012-11-30,12.9
374,KCL,561354.0,7396247.0,2307.0,2012-11-30,12.1
1031,SOP,562717.0,7403324.0,2300.0,2012-11-30,12.0
158,Chaxa,583500.0,7424261.0,2307.0,2012-12-31,19.8
375,KCL,561354.0,7396247.0,2307.0,2012-12-31,19.4
1032,SOP,562717.0,7403324.0,2300.0,2012-12-31,18.9
159,Chaxa,583500.0,7424261.0,2307.0,2013-01-31,19.0
376,KCL,561354.0,7396247.0,2307.0,2013-01-31,18.0
1033,SOP,562717.0,7403324.0,2300.0,2013-01-31,17.7
160,Chaxa,583500.0,7424261.0,2307.0,2013-02-28,29.9
377,KCL,561354.0,7396247.0,2307.0,2013-02-28,29.1
161,Chaxa,583500.0,7424261.0,2307.0,2013-03-31,23.0
378,KCL,561354.0,7396247.0,2307.0,2013-03-31,20.8
162,Chaxa,583500.0,7424261.0,2307.0,2013-04-30,15.7
379,KCL,561354.0,7396247.0,2307.0,2013-04-30,14.2
1034,SOP,562717.0,7403324.0,2300.0,2013-04-30,15.3
163,Chaxa,583500.0,7424261.0,2307.0,2013-05-31,25.7
380,KCL,561354.0,7396247.0,2307.0,2013-05-31,22.4
1035,SOP,562717.0,7403324.0,2300.0,2013-05-31,23.5
1144,Toconao_DGAC,601775.479999999,7435529.78199999,2495.0,2013-05-31,25.8
164,Chaxa,583500.0,7424261.0,2307.0,2013-06-30,26.8
381,KCL,561354.0,7396247.0,2307.0,2013-06-30,23.0
1036,SOP,562717.0,7403324.0,2300.0,2013-06-30,24.5
1145,Toconao_DGAC,601775.479999999,7435529.78199999,2495.0,2013-06-30,21.6
165,Chaxa,583500.0,7424261.0,2307.0,2013-07-31,22.6
382,KCL,561354.0,7396247.0,2307.0,2013-07-31,20.5
1037,SOP,562717.0,7403324.0,2300.0,2013-07-31,22.0
1146,Toconao_DGAC,601775.479999999,7435529.78199999,2495.0,2013-07-31,17.6
166,Chaxa,583500.0,7424261.0,2307.0,2013-08-31,18.3
383,KCL,561354.0,7396247.0,2307.0,2013-08-31,16.5
1038,SOP,562717.0,7403324.0,2300.0,2013-08-31,17.9
1147,Toconao_DGAC,601775.479999999,7435529.78199999,2495.0,2013-08-31,13.4
167,Chaxa,583500.0,7424261.0,2307.0,2013-09-30,15.9
384,KCL,561354.0,7396247.0,2307.0,2013-09-30,15.1
1039,SOP,562717.0,7403324.0,2300.0,2013-09-30,15.5
1148,Toconao_DGAC,601775.479999999,7435529.78199999,2495.0,2013-09-30,13.1
168,Chaxa,583500.0,7424261.0,2307.0,2013-10-31,12.8
385,KCL,561354.0,7396247.0,2307.0,2013-10-31,12.0
1040,SOP,562717.0,7403324.0,2300.0,2013-10-31,12.5
1149,Toconao_DGAC,601775.479999999,7435529.78199999,2495.0,2013-10-31,10.2
169,Chaxa,583500.0,7424261.0,2307.0,2013-11-30,13.4
386,KCL,561354.0,7396247.0,2307.0,2013-11-30,13.3
1041,SOP,562717.0,7403324.0,2300.0,2013-11-30,13.5
1150,Toconao_DGAC,601775.479999999,7435529.78199999,2495.0,2013-11-30,11.8
170,Chaxa,583500.0,7424261.0,2307.0,2013-12-31,19.0
387,KCL,561354.0,7396247.0,2307.0,2013-12-31,18.5
1042,SOP,562717.0,7403324.0,2300.0,2013-12-31,18.7
1151,Toconao_DGAC,601775.479999999,7435529.78199999,2495.0,2013-12-31,18.1
171,Chaxa,583500.0,7424261.0,2307.0,2014-01-31,29.9
388,KCL,561354.0,7396247.0,2307.0,2014-01-31,30.8
1043,SOP,562717.0,7403324.0,2300.0,2014-01-31,31.0
1152,Toconao_DGAC,601775.479999999,7435529.78199999,2495.0,2014-01-31,31.4
172,Chaxa,583500.0,7424261.0,2307.0,2014-02-28,19.6
389,KCL,561354.0,7396247.0,2307.0,2014-02-28,18.1
1044,SOP,562717.0,7403324.0,2300.0,2014-02-28,18.4
1153,Toconao_DGAC,601775.479999999,7435529.78199999,2495.0,2014-02-28,18.4
173,Chaxa,583500.0,7424261.0,2307.0,2014-03-31,24.9
390,KCL,561354.0,7396247.0,2307.0,2014-03-31,25.0
1045,SOP,562717.0,7403324.0,2300.0,2014-03-31,25.7
1154,Toconao_DGAC,601775.479999999,7435529.78199999,2495.0,2014-03-31,22.9
174,Chaxa,583500.0,7424261.0,2307.0,2014-04-30,17.7
391,KCL,561354.0,7396247.0,2307.0,2014-04-30,17.1
1046,SOP,562717.0,7403324.0,2300.0,2014-04-30,18.5
1155,Toconao_DGAC,601775.479999999,7435529.78199999,2495.0,2014-04-30,14.7
175,Chaxa,583500.0,7424261.0,2307.0,2014-05-31,22.1
392,KCL,561354.0,7396247.0,2307.0,2014-05-31,20.9
1047,SOP,562717.0,7403324.0,2300.0,2014-05-31,22.1
1156,Toconao_DGAC,601775.479999999,7435529.78199999,2495.0,2014-05-31,19.7
176,Chaxa,583500.0,7424261.0,2307.0,2014-06-30,16.3
393,KCL,561354.0,7396247.0,2307.0,2014-06-30,14.9
1048,SOP,562717.0,7403324.0,2300.0,2014-06-30,16.1
1157,Toconao_DGAC,601775.479999999,7435529.78199999,2495.0,2014-06-30,12.1
177,Chaxa,583500.0,7424261.0,2307.0,2014-07-31,14.3
394,KCL,561354.0,7396247.0,2307.0,2014-07-31,13.2
1049,SOP,562717.0,7403324.0,2300.0,2014-07-31,13.4
1158,Toconao_DGAC,601775.479999999,7435529.78199999,2495.0,2014-07-31,10.2
178,Chaxa,583500.0,7424261.0,2307.0,2014-08-31,15.9
395,KCL,561354.0,7396247.0,2307.0,2014-08-31,15.5
1050,SOP,562717.0,7403324.0,2300.0,2014-08-31,15.6
1159,Toconao_DGAC,601775.479999999,7435529.78199999,2495.0,2014-08-31,11.6
179,Chaxa,583500.0,7424261.0,2307.0,2014-09-30,15.9
396,KCL,561354.0,7396247.0,2307.0,2014-09-30,15.6
1051,SOP,562717.0,7403324.0,2300.0,2014-09-30,15.6
1160,Toconao_DGAC,601775.479999999,7435529.78199999,2495.0,2014-09-30,12.6
180,Chaxa,583500.0,7424261.0,2307.0,2014-10-31,12.7
397,KCL,561354.0,7396247.0,2307.0,2014-10-31,13.0
1052,SOP,562717.0,7403324.0,2300.0,2014-10-31,12.5
1161,Toconao_DGAC,601775.479999999,7435529.78199999,2495.0,2014-10-31,10.8
181,Chaxa,583500.0,7424261.0,2307.0,2014-11-30,14.0
398,KCL,561354.0,7396247.0,2307.0,2014-11-30,13.7
1053,SOP,562717.0,7403324.0,2300.0,2014-11-30,12.9
1162,Toconao_DGAC,601775.479999999,7435529.78199999,2495.0,2014-11-30,12.3
182,Chaxa,583500.0,7424261.0,2307.0,2014-12-31,14.7
399,KCL,561354.0,7396247.0,2307.0,2014-12-31,13.3
1054,SOP,562717.0,7403324.0,2300.0,2014-12-31,13.4
1163,Toconao_DGAC,601775.479999999,7435529.78199999,2495.0,2014-12-31,13.2
183,Chaxa,583500.0,7424261.0,2307.0,2015-01-31,17.3
400,KCL,561354.0,7396247.0,2307.0,2015-01-31,16.7
1055,SOP,562717.0,7403324.0,2300.0,2015-01-31,16.6
1164,Toconao_DGAC,601775.479999999,7435529.78199999,2495.0,2015-01-31,17.3
184,Chaxa,583500.0,7424261.0,2307.0,2015-02-28,32.3
401,KCL,561354.0,7396247.0,2307.0,2015-02-28,30.9
824,LZA7-2,593914.0,7388616.0,2311.0,2015-02-28,48.5
1056,SOP,562717.0,7403324.0,2300.0,2015-02-28,31.2
1165,Toconao_DGAC,601775.479999999,7435529.78199999,2495.0,2015-02-28,33.7
185,Chaxa,583500.0,7424261.0,2307.0,2015-03-31,38.1
402,KCL,561354.0,7396247.0,2307.0,2015-03-31,36.8
1057,SOP,562717.0,7403324.0,2300.0,2015-03-31,37.1
1166,Toconao_DGAC,601775.479999999,7435529.78199999,2495.0,2015-03-31,39.3
186,Chaxa,583500.0,7424261.0,2307.0,2015-04-30,24.6
403,KCL,561354.0,7396247.0,2307.0,2015-04-30,20.5
452,LZA10-1,577260.0,7374203.0,2373.0,2015-04-30,24.4
499,LZA12-1,592024.0,7417669.0,2322.0,2015-04-30,25.3
546,LZA12-2,593270.0,7394869.0,2317.0,2015-04-30,26.9
593,LZA12-3,589176.0,7451502.0,2359.0,2015-04-30,24.3
640,LZA3-1,591181.0,7403651.0,2306.0,2015-04-30,25.7
685,LZA3-2,590360.0,7408580.0,2306.0,2015-04-30,23.5
732,LZA3-3,590643.0,7416257.0,2318.0,2015-04-30,27.7
777,LZA7-1,591699.0,7394060.0,2312.0,2015-04-30,28.9
825,LZA7-2,593914.0,7388616.0,2311.0,2015-04-30,24.0
872,LZA9-1,584166.0,7379517.0,2310.0,2015-04-30,23.8
1058,SOP,562717.0,7403324.0,2300.0,2015-04-30,21.3
1167,Toconao_DGAC,601775.479999999,7435529.78199999,2495.0,2015-04-30,19.0
187,Chaxa,583500.0,7424261.0,2307.0,2015-05-31,23.6
404,KCL,561354.0,7396247.0,2307.0,2015-05-31,21.1
453,LZA10-1,577260.0,7374203.0,2373.0,2015-05-31,22.9
500,LZA12-1,592024.0,7417669.0,2322.0,2015-05-31,24.8
547,LZA12-2,593270.0,7394869.0,2317.0,2015-05-31,26.1
594,LZA12-3,589176.0,7451502.0,2359.0,2015-05-31,22.7
641,LZA3-1,591181.0,7403651.0,2306.0,2015-05-31,26.1
686,LZA3-2,590360.0,7408580.0,2306.0,2015-05-31,23.3
733,LZA3-3,590643.0,7416257.0,2318.0,2015-05-31,27.9
778,LZA7-1,591699.0,7394060.0,2312.0,2015-05-31,27.9
826,LZA7-2,593914.0,7388616.0,2311.0,2015-05-31,23.9
873,LZA9-1,584166.0,7379517.0,2310.0,2015-05-31,23.9
1059,SOP,562717.0,7403324.0,2300.0,2015-05-31,22.0
1168,Toconao_DGAC,601775.479999999,7435529.78199999,2495.0,2015-05-31,17.4
188,Chaxa,583500.0,7424261.0,2307.0,2015-06-30,19.2
405,KCL,561354.0,7396247.0,2307.0,2015-06-30,15.6
454,LZA10-1,577260.0,7374203.0,2373.0,2015-06-30,16.5
501,LZA12-1,592024.0,7417669.0,2322.0,2015-06-30,17.6
548,LZA12-2,593270.0,7394869.0,2317.0,2015-06-30,18.7
595,LZA12-3,589176.0,7451502.0,2359.0,2015-06-30,15.1
642,LZA3-1,591181.0,7403651.0,2306.0,2015-06-30,22.6
687,LZA3-2,590360.0,7408580.0,2306.0,2015-06-30,17.4
734,LZA3-3,590643.0,7416257.0,2318.0,2015-06-30,24.0
779,LZA7-1,591699.0,7394060.0,2312.0,2015-06-30,23.5
827,LZA7-2,593914.0,7388616.0,2311.0,2015-06-30,17.6
874,LZA9-1,584166.0,7379517.0,2310.0,2015-06-30,18.7
1060,SOP,562717.0,7403324.0,2300.0,2015-06-30,15.8
1169,Toconao_DGAC,601775.479999999,7435529.78199999,2495.0,2015-06-30,10.1
189,Chaxa,583500.0,7424261.0,2307.0,2015-07-31,18.5
406,KCL,561354.0,7396247.0,2307.0,2015-07-31,15.6
455,LZA10-1,577260.0,7374203.0,2373.0,2015-07-31,16.6
502,LZA12-1,592024.0,7417669.0,2322.0,2015-07-31,17.5
549,LZA12-2,593270.0,7394869.0,2317.0,2015-07-31,17.8
596,LZA12-3,589176.0,7451502.0,2359.0,2015-07-31,15.7
643,LZA3-1,591181.0,7403651.0,2306.0,2015-07-31,22.0
688,LZA3-2,590360.0,7408580.0,2306.0,2015-07-31,17.5
735,LZA3-3,590643.0,7416257.0,2318.0,2015-07-31,24.0
780,LZA7-1,591699.0,7394060.0,2312.0,2015-07-31,22.8
828,LZA7-2,593914.0,7388616.0,2311.0,2015-07-31,16.9
875,LZA9-1,584166.0,7379517.0,2310.0,2015-07-31,17.8
1061,SOP,562717.0,7403324.0,2300.0,2015-07-31,16.6
1170,Toconao_DGAC,601775.479999999,7435529.78199999,2495.0,2015-07-31,11.2
190,Chaxa,583500.0,7424261.0,2307.0,2015-08-31,18.7
407,KCL,561354.0,7396247.0,2307.0,2015-08-31,17.7
456,LZA10-1,577260.0,7374203.0,2373.0,2015-08-31,18.5
503,LZA12-1,592024.0,7417669.0,2322.0,2015-08-31,19.1
550,LZA12-2,593270.0,7394869.0,2317.0,2015-08-31,19.3
597,LZA12-3,589176.0,7451502.0,2359.0,2015-08-31,17.5
644,LZA3-1,591181.0,7403651.0,2306.0,2015-08-31,21.3
689,LZA3-2,590360.0,7408580.0,2306.0,2015-08-31,18.4
736,LZA3-3,590643.0,7416257.0,2318.0,2015-08-31,24.5
781,LZA7-1,591699.0,7394060.0,2312.0,2015-08-31,22.9
829,LZA7-2,593914.0,7388616.0,2311.0,2015-08-31,18.2
876,LZA9-1,584166.0,7379517.0,2310.0,2015-08-31,18.8
1062,SOP,562717.0,7403324.0,2300.0,2015-08-31,17.9
1171,Toconao_DGAC,601775.479999999,7435529.78199999,2495.0,2015-08-31,13.6
191,Chaxa,583500.0,7424261.0,2307.0,2015-09-30,14.3
408,KCL,561354.0,7396247.0,2307.0,2015-09-30,13.5
457,LZA10-1,577260.0,7374203.0,2373.0,2015-09-30,14.1
504,LZA12-1,592024.0,7417669.0,2322.0,2015-09-30,15.3
551,LZA12-2,593270.0,7394869.0,2317.0,2015-09-30,15.0
598,LZA12-3,589176.0,7451502.0,2359.0,2015-09-30,14.4
645,LZA3-1,591181.0,7403651.0,2306.0,2015-09-30,16.4
690,LZA3-2,590360.0,7408580.0,2306.0,2015-09-30,14.2
737,LZA3-3,590643.0,7416257.0,2318.0,2015-09-30,19.6
782,LZA7-1,591699.0,7394060.0,2312.0,2015-09-30,17.6
830,LZA7-2,593914.0,7388616.0,2311.0,2015-09-30,13.9
877,LZA9-1,584166.0,7379517.0,2310.0,2015-09-30,13.9
1063,SOP,562717.0,7403324.0,2300.0,2015-09-30,13.6
1172,Toconao_DGAC,601775.479999999,7435529.78199999,2495.0,2015-09-30,10.7
192,Chaxa,583500.0,7424261.0,2307.0,2015-10-31,16.7
409,KCL,561354.0,7396247.0,2307.0,2015-10-31,16.1
458,LZA10-1,577260.0,7374203.0,2373.0,2015-10-31,17.5
505,LZA12-1,592024.0,7417669.0,2322.0,2015-10-31,18.8
552,LZA12-2,593270.0,7394869.0,2317.0,2015-10-31,18.2
599,LZA12-3,589176.0,7451502.0,2359.0,2015-10-31,18.1
646,LZA3-1,591181.0,7403651.0,2306.0,2015-10-31,18.6
691,LZA3-2,590360.0,7408580.0,2306.0,2015-10-31,17.0
738,LZA3-3,590643.0,7416257.0,2318.0,2015-10-31,21.9
783,LZA7-1,591699.0,7394060.0,2312.0,2015-10-31,19.6
831,LZA7-2,593914.0,7388616.0,2311.0,2015-10-31,16.9
878,LZA9-1,584166.0,7379517.0,2310.0,2015-10-31,17.4
1064,SOP,562717.0,7403324.0,2300.0,2015-10-31,16.1
1173,Toconao_DGAC,601775.479999999,7435529.78199999,2495.0,2015-10-31,14.4
410,KCL,561354.0,7396247.0,2307.0,2015-11-30,12.2
459,LZA10-1,577260.0,7374203.0,2373.0,2015-11-30,12.4
506,LZA12-1,592024.0,7417669.0,2322.0,2015-11-30,14.9
553,LZA12-2,593270.0,7394869.0,2317.0,2015-11-30,14.3
600,LZA12-3,589176.0,7451502.0,2359.0,2015-11-30,14.7
647,LZA3-1,591181.0,7403651.0,2306.0,2015-11-30,15.0
692,LZA3-2,590360.0,7408580.0,2306.0,2015-11-30,13.4
739,LZA3-3,590643.0,7416257.0,2318.0,2015-11-30,17.9
784,LZA7-1,591699.0,7394060.0,2312.0,2015-11-30,15.4
832,LZA7-2,593914.0,7388616.0,2311.0,2015-11-30,12.9
879,LZA9-1,584166.0,7379517.0,2310.0,2015-11-30,12.6
1065,SOP,562717.0,7403324.0,2300.0,2015-11-30,12.2
1174,Toconao_DGAC,601775.479999999,7435529.78199999,2495.0,2015-11-30,11.2
193,Chaxa,583500.0,7424261.0,2307.0,2015-12-31,12.8
411,KCL,561354.0,7396247.0,2307.0,2015-12-31,11.3
460,LZA10-1,577260.0,7374203.0,2373.0,2015-12-31,11.0
507,LZA12-1,592024.0,7417669.0,2322.0,2015-12-31,14.3
554,LZA12-2,593270.0,7394869.0,2317.0,2015-12-31,13.6
601,LZA12-3,589176.0,7451502.0,2359.0,2015-12-31,14.4
648,LZA3-1,591181.0,7403651.0,2306.0,2015-12-31,14.2
693,LZA3-2,590360.0,7408580.0,2306.0,2015-12-31,12.8
740,LZA3-3,590643.0,7416257.0,2318.0,2015-12-31,17.1
785,LZA7-1,591699.0,7394060.0,2312.0,2015-12-31,14.4
833,LZA7-2,593914.0,7388616.0,2311.0,2015-12-31,12.0
880,LZA9-1,584166.0,7379517.0,2310.0,2015-12-31,11.3
1066,SOP,562717.0,7403324.0,2300.0,2015-12-31,11.2
1175,Toconao_DGAC,601775.479999999,7435529.78199999,2495.0,2015-12-31,10.5
194,Chaxa,583500.0,7424261.0,2307.0,2016-01-31,18.5
412,KCL,561354.0,7396247.0,2307.0,2016-01-31,18.1
461,LZA10-1,577260.0,7374203.0,2373.0,2016-01-31,20.1
508,LZA12-1,592024.0,7417669.0,2322.0,2016-01-31,21.7
555,LZA12-2,593270.0,7394869.0,2317.0,2016-01-31,21.8
602,LZA12-3,589176.0,7451502.0,2359.0,2016-01-31,22.6
649,LZA3-1,591181.0,7403651.0,2306.0,2016-01-31,20.8
694,LZA3-2,590360.0,7408580.0,2306.0,2016-01-31,19.4
741,LZA3-3,590643.0,7416257.0,2318.0,2016-01-31,23.2
786,LZA7-1,591699.0,7394060.0,2312.0,2016-01-31,21.9
834,LZA7-2,593914.0,7388616.0,2311.0,2016-01-31,19.9
881,LZA9-1,584166.0,7379517.0,2310.0,2016-01-31,18.9
1067,SOP,562717.0,7403324.0,2300.0,2016-01-31,17.9
1176,Toconao_DGAC,601775.479999999,7435529.78199999,2495.0,2016-01-31,17.3
195,Chaxa,583500.0,7424261.0,2307.0,2016-02-29,24.3
413,KCL,561354.0,7396247.0,2307.0,2016-02-29,24.5
462,LZA10-1,577260.0,7374203.0,2373.0,2016-02-29,26.2
509,LZA12-1,592024.0,7417669.0,2322.0,2016-02-29,28.7
556,LZA12-2,593270.0,7394869.0,2317.0,2016-02-29,28.8
603,LZA12-3,589176.0,7451502.0,2359.0,2016-02-29,30.2
650,LZA3-1,591181.0,7403651.0,2306.0,2016-02-29,27.3
695,LZA3-2,590360.0,7408580.0,2306.0,2016-02-29,26.3
742,LZA3-3,590643.0,7416257.0,2318.0,2016-02-29,29.5
787,LZA7-1,591699.0,7394060.0,2312.0,2016-02-29,28.3
835,LZA7-2,593914.0,7388616.0,2311.0,2016-02-29,26.7
882,LZA9-1,584166.0,7379517.0,2310.0,2016-02-29,25.6
1068,SOP,562717.0,7403324.0,2300.0,2016-02-29,24.4
1177,Toconao_DGAC,601775.479999999,7435529.78199999,2495.0,2016-02-29,25.1
196,Chaxa,583500.0,7424261.0,2307.0,2016-03-31,23.3
414,KCL,561354.0,7396247.0,2307.0,2016-03-31,23.2
463,LZA10-1,577260.0,7374203.0,2373.0,2016-03-31,23.7
510,LZA12-1,592024.0,7417669.0,2322.0,2016-03-31,27.7
557,LZA12-2,593270.0,7394869.0,2317.0,2016-03-31,28.1
604,LZA12-3,589176.0,7451502.0,2359.0,2016-03-31,26.7
651,LZA3-1,591181.0,7403651.0,2306.0,2016-03-31,26.2
696,LZA3-2,590360.0,7408580.0,2306.0,2016-03-31,24.8
743,LZA3-3,590643.0,7416257.0,2318.0,2016-03-31,29.0
788,LZA7-1,591699.0,7394060.0,2312.0,2016-03-31,27.1
836,LZA7-2,593914.0,7388616.0,2311.0,2016-03-31,24.9
883,LZA9-1,584166.0,7379517.0,2310.0,2016-03-31,23.7
1069,SOP,562717.0,7403324.0,2300.0,2016-03-31,23.6
1178,Toconao_DGAC,601775.479999999,7435529.78199999,2495.0,2016-03-31,21.2
197,Chaxa,583500.0,7424261.0,2307.0,2016-04-30,23.9
415,KCL,561354.0,7396247.0,2307.0,2016-04-30,22.6
464,LZA10-1,577260.0,7374203.0,2373.0,2016-04-30,23.3
511,LZA12-1,592024.0,7417669.0,2322.0,2016-04-30,29.5
558,LZA12-2,593270.0,7394869.0,2317.0,2016-04-30,29.2
605,LZA12-3,589176.0,7451502.0,2359.0,2016-04-30,26.7
652,LZA3-1,591181.0,7403651.0,2306.0,2016-04-30,27.7
697,LZA3-2,590360.0,7408580.0,2306.0,2016-04-30,26.7
744,LZA3-3,590643.0,7416257.0,2318.0,2016-04-30,30.5
789,LZA7-1,591699.0,7394060.0,2312.0,2016-04-30,28.2
837,LZA7-2,593914.0,7388616.0,2311.0,2016-04-30,25.7
884,LZA9-1,584166.0,7379517.0,2310.0,2016-04-30,24.7
1070,SOP,562717.0,7403324.0,2300.0,2016-04-30,23.5
1179,Toconao_DGAC,601775.479999999,7435529.78199999,2495.0,2016-04-30,21.7
198,Chaxa,583500.0,7424261.0,2307.0,2016-05-31,19.8
416,KCL,561354.0,7396247.0,2307.0,2016-05-31,20.4
465,LZA10-1,577260.0,7374203.0,2373.0,2016-05-31,20.1
512,LZA12-1,592024.0,7417669.0,2322.0,2016-05-31,22.1
559,LZA12-2,593270.0,7394869.0,2317.0,2016-05-31,21.9
606,LZA12-3,589176.0,7451502.0,2359.0,2016-05-31,20.7
653,LZA3-1,591181.0,7403651.0,2306.0,2016-05-31,22.5
698,LZA3-2,590360.0,7408580.0,2306.0,2016-05-31,20.4
745,LZA3-3,590643.0,7416257.0,2318.0,2016-05-31,24.8
790,LZA7-1,591699.0,7394060.0,2312.0,2016-05-31,22.0
838,LZA7-2,593914.0,7388616.0,2311.0,2016-05-31,19.5
885,LZA9-1,584166.0,7379517.0,2310.0,2016-05-31,20.4
1071,SOP,562717.0,7403324.0,2300.0,2016-05-31,20.2
1180,Toconao_DGAC,601775.479999999,7435529.78199999,2495.0,2016-05-31,16.2
199,Chaxa,583500.0,7424261.0,2307.0,2016-06-30,19.2
417,KCL,561354.0,7396247.0,2307.0,2016-06-30,20.1
466,LZA10-1,577260.0,7374203.0,2373.0,2016-06-30,19.4
513,LZA12-1,592024.0,7417669.0,2322.0,2016-06-30,21.3
560,LZA12-2,593270.0,7394869.0,2317.0,2016-06-30,20.8
607,LZA12-3,589176.0,7451502.0,2359.0,2016-06-30,20.0
654,LZA3-1,591181.0,7403651.0,2306.0,2016-06-30,22.7
699,LZA3-2,590360.0,7408580.0,2306.0,2016-06-30,20.1
746,LZA3-3,590643.0,7416257.0,2318.0,2016-06-30,24.8
791,LZA7-1,591699.0,7394060.0,2312.0,2016-06-30,21.8
839,LZA7-2,593914.0,7388616.0,2311.0,2016-06-30,18.8
886,LZA9-1,584166.0,7379517.0,2310.0,2016-06-30,20.3
1072,SOP,562717.0,7403324.0,2300.0,2016-06-30,20.2
1181,Toconao_DGAC,601775.479999999,7435529.78199999,2495.0,2016-06-30,15.6
200,Chaxa,583500.0,7424261.0,2307.0,2016-07-31,21.4
418,KCL,561354.0,7396247.0,2307.0,2016-07-31,20.1
467,LZA10-1,577260.0,7374203.0,2373.0,2016-07-31,19.6
514,LZA12-1,592024.0,7417669.0,2322.0,2016-07-31,21.5
561,LZA12-2,593270.0,7394869.0,2317.0,2016-07-31,21.2
608,LZA12-3,589176.0,7451502.0,2359.0,2016-07-31,20.6
700,LZA3-2,590360.0,7408580.0,2306.0,2016-07-31,21.1
747,LZA3-3,590643.0,7416257.0,2318.0,2016-07-31,25.4
792,LZA7-1,591699.0,7394060.0,2312.0,2016-07-31,22.7
840,LZA7-2,593914.0,7388616.0,2311.0,2016-07-31,20.4
887,LZA9-1,584166.0,7379517.0,2310.0,2016-07-31,22.3
1073,SOP,562717.0,7403324.0,2300.0,2016-07-31,20.5
1182,Toconao_DGAC,601775.479999999,7435529.78199999,2495.0,2016-07-31,16.7
201,Chaxa,583500.0,7424261.0,2307.0,2016-08-31,18.7
419,KCL,561354.0,7396247.0,2307.0,2016-08-31,13.6
468,LZA10-1,577260.0,7374203.0,2373.0,2016-08-31,12.6
515,LZA12-1,592024.0,7417669.0,2322.0,2016-08-31,13.8
562,LZA12-2,593270.0,7394869.0,2317.0,2016-08-31,13.3
609,LZA12-3,589176.0,7451502.0,2359.0,2016-08-31,12.6
655,LZA3-1,591181.0,7403651.0,2306.0,2016-08-31,15.5
701,LZA3-2,590360.0,7408580.0,2306.0,2016-08-31,13.6
748,LZA3-3,590643.0,7416257.0,2318.0,2016-08-31,18.0
793,LZA7-1,591699.0,7394060.0,2312.0,2016-08-31,15.1
841,LZA7-2,593914.0,7388616.0,2311.0,2016-08-31,12.2
888,LZA9-1,584166.0,7379517.0,2310.0,2016-08-31,13.5
918,Paso_Jama,632989.0,7464136.0,4825.0,2016-08-31,18.7
948,Paso_Sico,658720.0,7364239.0,4323.0,2016-08-31,15.8
1074,SOP,562717.0,7403324.0,2300.0,2016-08-31,13.8
1183,Toconao_DGAC,601775.479999999,7435529.78199999,2495.0,2016-08-31,9.6
1383,Toconao_P.,601777.0,7435573.0,2492.0,2016-08-31,7.6
1400,Toconao_Q.1,621564.0,7431858.0,3990.0,2016-08-31,14.5
1430,Toconao_Q.4,612592.0,7438698.0,3437.0,2016-08-31,9.8
202,Chaxa,583500.0,7424261.0,2307.0,2016-09-30,14.3
420,KCL,561354.0,7396247.0,2307.0,2016-09-30,11.9
469,LZA10-1,577260.0,7374203.0,2373.0,2016-09-30,11.2
516,LZA12-1,592024.0,7417669.0,2322.0,2016-09-30,11.9
563,LZA12-2,593270.0,7394869.0,2317.0,2016-09-30,11.7
610,LZA12-3,589176.0,7451502.0,2359.0,2016-09-30,10.9
656,LZA3-1,591181.0,7403651.0,2306.0,2016-09-30,14.0
702,LZA3-2,590360.0,7408580.0,2306.0,2016-09-30,11.4
749,LZA3-3,590643.0,7416257.0,2318.0,2016-09-30,15.8
794,LZA7-1,591699.0,7394060.0,2312.0,2016-09-30,13.1
842,LZA7-2,593914.0,7388616.0,2311.0,2016-09-30,10.4
889,LZA9-1,584166.0,7379517.0,2310.0,2016-09-30,11.3
919,Paso_Jama,632989.0,7464136.0,4825.0,2016-09-30,14.6
949,Paso_Sico,658720.0,7364239.0,4323.0,2016-09-30,11.4
1075,SOP,562717.0,7403324.0,2300.0,2016-09-30,12.0
1184,Toconao_DGAC,601775.479999999,7435529.78199999,2495.0,2016-09-30,8.3
1384,Toconao_P.,601777.0,7435573.0,2492.0,2016-09-30,7.4
1401,Toconao_Q.1,621564.0,7431858.0,3990.0,2016-09-30,11.6
1431,Toconao_Q.4,612592.0,7438698.0,3437.0,2016-09-30,9.2
203,Chaxa,583500.0,7424261.0,2307.0,2016-10-31,12.8
421,KCL,561354.0,7396247.0,2307.0,2016-10-31,12.3
470,LZA10-1,577260.0,7374203.0,2373.0,2016-10-31,12.7
517,LZA12-1,592024.0,7417669.0,2322.0,2016-10-31,13.6
564,LZA12-2,593270.0,7394869.0,2317.0,2016-10-31,13.5
611,LZA12-3,589176.0,7451502.0,2359.0,2016-10-31,12.6
657,LZA3-1,591181.0,7403651.0,2306.0,2016-10-31,14.6
703,LZA3-2,590360.0,7408580.0,2306.0,2016-10-31,12.6
750,LZA3-3,590643.0,7416257.0,2318.0,2016-10-31,16.4
795,LZA7-1,591699.0,7394060.0,2312.0,2016-10-31,14.6
843,LZA7-2,593914.0,7388616.0,2311.0,2016-10-31,12.4
890,LZA9-1,584166.0,7379517.0,2310.0,2016-10-31,12.7
920,Paso_Jama,632989.0,7464136.0,4825.0,2016-10-31,17.7
950,Paso_Sico,658720.0,7364239.0,4323.0,2016-10-31,13.2
1076,SOP,562717.0,7403324.0,2300.0,2016-10-31,12.1
1185,Toconao_DGAC,601775.479999999,7435529.78199999,2495.0,2016-10-31,9.6
1385,Toconao_P.,601777.0,7435573.0,2492.0,2016-10-31,9.4
1402,Toconao_Q.1,621564.0,7431858.0,3990.0,2016-10-31,15.2
1432,Toconao_Q.4,612592.0,7438698.0,3437.0,2016-10-31,11.8
204,Chaxa,583500.0,7424261.0,2307.0,2016-11-30,14.7
422,KCL,561354.0,7396247.0,2307.0,2016-11-30,13.5
471,LZA10-1,577260.0,7374203.0,2373.0,2016-11-30,14.5
518,LZA12-1,592024.0,7417669.0,2322.0,2016-11-30,16.2
565,LZA12-2,593270.0,7394869.0,2317.0,2016-11-30,15.9
612,LZA12-3,589176.0,7451502.0,2359.0,2016-11-30,15.1
658,LZA3-1,591181.0,7403651.0,2306.0,2016-11-30,16.2
704,LZA3-2,590360.0,7408580.0,2306.0,2016-11-30,14.5
751,LZA3-3,590643.0,7416257.0,2318.0,2016-11-30,18.2
796,LZA7-1,591699.0,7394060.0,2312.0,2016-11-30,16.5
844,LZA7-2,593914.0,7388616.0,2311.0,2016-11-30,14.5
891,LZA9-1,584166.0,7379517.0,2310.0,2016-11-30,14.1
921,Paso_Jama,632989.0,7464136.0,4825.0,2016-11-30,20.1
951,Paso_Sico,658720.0,7364239.0,4323.0,2016-11-30,16.7
1077,SOP,562717.0,7403324.0,2300.0,2016-11-30,13.5
1186,Toconao_DGAC,601775.479999999,7435529.78199999,2495.0,2016-11-30,12.3
1386,Toconao_P.,601777.0,7435573.0,2492.0,2016-11-30,12.5
1403,Toconao_Q.1,621564.0,7431858.0,3990.0,2016-11-30,19.2
1433,Toconao_Q.4,612592.0,7438698.0,3437.0,2016-11-30,15.5
205,Chaxa,583500.0,7424261.0,2307.0,2016-12-31,18.8
423,KCL,561354.0,7396247.0,2307.0,2016-12-31,18.6
472,LZA10-1,577260.0,7374203.0,2373.0,2016-12-31,20.3
519,LZA12-1,592024.0,7417669.0,2322.0,2016-12-31,21.9
566,LZA12-2,593270.0,7394869.0,2317.0,2016-12-31,21.8
613,LZA12-3,589176.0,7451502.0,2359.0,2016-12-31,22.2
659,LZA3-1,591181.0,7403651.0,2306.0,2016-12-31,21.2
705,LZA3-2,590360.0,7408580.0,2306.0,2016-12-31,19.5
752,LZA3-3,590643.0,7416257.0,2318.0,2016-12-31,22.4
797,LZA7-1,591699.0,7394060.0,2312.0,2016-12-31,21.9
845,LZA7-2,593914.0,7388616.0,2311.0,2016-12-31,20.0
892,LZA9-1,584166.0,7379517.0,2310.0,2016-12-31,19.2
922,Paso_Jama,632989.0,7464136.0,4825.0,2016-12-31,28.7
952,Paso_Sico,658720.0,7364239.0,4323.0,2016-12-31,23.1
1078,SOP,562717.0,7403324.0,2300.0,2016-12-31,17.9
1187,Toconao_DGAC,601775.479999999,7435529.78199999,2495.0,2016-12-31,18.2
1387,Toconao_P.,601777.0,7435573.0,2492.0,2016-12-31,19.4
1404,Toconao_Q.1,621564.0,7431858.0,3990.0,2016-12-31,30.0
1434,Toconao_Q.4,612592.0,7438698.0,3437.0,2016-12-31,26.0
206,Chaxa,583500.0,7424261.0,2307.0,2017-01-31,30.6
424,KCL,561354.0,7396247.0,2307.0,2017-01-31,32.7
473,LZA10-1,577260.0,7374203.0,2373.0,2017-01-31,34.2
520,LZA12-1,592024.0,7417669.0,2322.0,2017-01-31,39.8
567,LZA12-2,593270.0,7394869.0,2317.0,2017-01-31,39.7
614,LZA12-3,589176.0,7451502.0,2359.0,2017-01-31,42.1
660,LZA3-1,591181.0,7403651.0,2306.0,2017-01-31,38.2
706,LZA3-2,590360.0,7408580.0,2306.0,2017-01-31,36.9
753,LZA3-3,590643.0,7416257.0,2318.0,2017-01-31,38.2
798,LZA7-1,591699.0,7394060.0,2312.0,2017-01-31,38.6
846,LZA7-2,593914.0,7388616.0,2311.0,2017-01-31,37.3
893,LZA9-1,584166.0,7379517.0,2310.0,2017-01-31,34.8
923,Paso_Jama,632989.0,7464136.0,4825.0,2017-01-31,55.0
953,Paso_Sico,658720.0,7364239.0,4323.0,2017-01-31,47.1
1079,SOP,562717.0,7403324.0,2300.0,2017-01-31,31.9
1188,Toconao_DGAC,601775.479999999,7435529.78199999,2495.0,2017-01-31,37.1
1388,Toconao_P.,601777.0,7435573.0,2492.0,2017-01-31,38.7
1405,Toconao_Q.1,621564.0,7431858.0,3990.0,2017-01-31,52.9
1435,Toconao_Q.4,612592.0,7438698.0,3437.0,2017-01-31,49.1
425,KCL,561354.0,7396247.0,2307.0,2017-02-28,34.9
474,LZA10-1,577260.0,7374203.0,2373.0,2017-02-28,38.2
521,LZA12-1,592024.0,7417669.0,2322.0,2017-02-28,41.9
568,LZA12-2,593270.0,7394869.0,2317.0,2017-02-28,42.7
615,LZA12-3,589176.0,7451502.0,2359.0,2017-02-28,43.3
661,LZA3-1,591181.0,7403651.0,2306.0,2017-02-28,39.5
707,LZA3-2,590360.0,7408580.0,2306.0,2017-02-28,38.7
754,LZA3-3,590643.0,7416257.0,2318.0,2017-02-28,40.6
799,LZA7-1,591699.0,7394060.0,2312.0,2017-02-28,41.1
847,LZA7-2,593914.0,7388616.0,2311.0,2017-02-28,40.2
894,LZA9-1,584166.0,7379517.0,2310.0,2017-02-28,38.5
924,Paso_Jama,632989.0,7464136.0,4825.0,2017-02-28,46.3
954,Paso_Sico,658720.0,7364239.0,4323.0,2017-02-28,33.4
1080,SOP,562717.0,7403324.0,2300.0,2017-02-28,34.3
1189,Toconao_DGAC,601775.479999999,7435529.78199999,2495.0,2017-02-28,39.0
1389,Toconao_P.,601777.0,7435573.0,2492.0,2017-02-28,38.2
1406,Toconao_Q.1,621564.0,7431858.0,3990.0,2017-02-28,51.4
1436,Toconao_Q.4,612592.0,7438698.0,3437.0,2017-02-28,50.5
426,KCL,561354.0,7396247.0,2307.0,2017-03-31,27.3
475,LZA10-1,577260.0,7374203.0,2373.0,2017-03-31,34.0
522,LZA12-1,592024.0,7417669.0,2322.0,2017-03-31,35.5
569,LZA12-2,593270.0,7394869.0,2317.0,2017-03-31,36.0
616,LZA12-3,589176.0,7451502.0,2359.0,2017-03-31,36.1
662,LZA3-1,591181.0,7403651.0,2306.0,2017-03-31,33.0
708,LZA3-2,590360.0,7408580.0,2306.0,2017-03-31,31.8
755,LZA3-3,590643.0,7416257.0,2318.0,2017-03-31,34.8
800,LZA7-1,591699.0,7394060.0,2312.0,2017-03-31,35.9
848,LZA7-2,593914.0,7388616.0,2311.0,2017-03-31,33.5
895,LZA9-1,584166.0,7379517.0,2310.0,2017-03-31,32.9
925,Paso_Jama,632989.0,7464136.0,4825.0,2017-03-31,52.0
1081,SOP,562717.0,7403324.0,2300.0,2017-03-31,26.7
1190,Toconao_DGAC,601775.479999999,7435529.78199999,2495.0,2017-03-31,30.2
1390,Toconao_P.,601777.0,7435573.0,2492.0,2017-03-31,33.2
1407,Toconao_Q.1,621564.0,7431858.0,3990.0,2017-03-31,50.6
1437,Toconao_Q.4,612592.0,7438698.0,3437.0,2017-03-31,46.0
427,KCL,561354.0,7396247.0,2307.0,2017-04-30,22.6
476,LZA10-1,577260.0,7374203.0,2373.0,2017-04-30,23.2
523,LZA12-1,592024.0,7417669.0,2322.0,2017-04-30,26.3
570,LZA12-2,593270.0,7394869.0,2317.0,2017-04-30,26.3
617,LZA12-3,589176.0,7451502.0,2359.0,2017-04-30,24.7
663,LZA3-1,591181.0,7403651.0,2306.0,2017-04-30,25.4
709,LZA3-2,590360.0,7408580.0,2306.0,2017-04-30,23.4
756,LZA3-3,590643.0,7416257.0,2318.0,2017-04-30,26.8
801,LZA7-1,591699.0,7394060.0,2312.0,2017-04-30,26.4
849,LZA7-2,593914.0,7388616.0,2311.0,2017-04-30,24.1
896,LZA9-1,584166.0,7379517.0,2310.0,2017-04-30,24.6
926,Paso_Jama,632989.0,7464136.0,4825.0,2017-04-30,31.1
1082,SOP,562717.0,7403324.0,2300.0,2017-04-30,20.1
1191,Toconao_DGAC,601775.479999999,7435529.78199999,2495.0,2017-04-30,19.4
1391,Toconao_P.,601777.0,7435573.0,2492.0,2017-04-30,21.3
1408,Toconao_Q.1,621564.0,7431858.0,3990.0,2017-04-30,29.1
1438,Toconao_Q.4,612592.0,7438698.0,3437.0,2017-04-30,25.7
428,KCL,561354.0,7396247.0,2307.0,2017-05-31,26.2
477,LZA10-1,577260.0,7374203.0,2373.0,2017-05-31,28.0
524,LZA12-1,592024.0,7417669.0,2322.0,2017-05-31,31.7
571,LZA12-2,593270.0,7394869.0,2317.0,2017-05-31,31.4
618,LZA12-3,589176.0,7451502.0,2359.0,2017-05-31,30.1
664,LZA3-1,591181.0,7403651.0,2306.0,2017-05-31,30.9
710,LZA3-2,590360.0,7408580.0,2306.0,2017-05-31,28.8
757,LZA3-3,590643.0,7416257.0,2318.0,2017-05-31,32.3
802,LZA7-1,591699.0,7394060.0,2312.0,2017-05-31,31.5
850,LZA7-2,593914.0,7388616.0,2311.0,2017-05-31,29.8
897,LZA9-1,584166.0,7379517.0,2310.0,2017-05-31,30.2
927,Paso_Jama,632989.0,7464136.0,4825.0,2017-05-31,38.9
1083,SOP,562717.0,7403324.0,2300.0,2017-05-31,25.6
1192,Toconao_DGAC,601775.479999999,7435529.78199999,2495.0,2017-05-31,25.0
1392,Toconao_P.,601777.0,7435573.0,2492.0,2017-05-31,25.6
1409,Toconao_Q.1,621564.0,7431858.0,3990.0,2017-05-31,35.9
1439,Toconao_Q.4,612592.0,7438698.0,3437.0,2017-05-31,29.8
429,KCL,561354.0,7396247.0,2307.0,2017-06-30,29.1
478,LZA10-1,577260.0,7374203.0,2373.0,2017-06-30,34.8
525,LZA12-1,592024.0,7417669.0,2322.0,2017-06-30,36.1
572,LZA12-2,593270.0,7394869.0,2317.0,2017-06-30,37.7
619,LZA12-3,589176.0,7451502.0,2359.0,2017-06-30,33.1
665,LZA3-1,591181.0,7403651.0,2306.0,2017-06-30,37.5
711,LZA3-2,590360.0,7408580.0,2306.0,2017-06-30,35.1
758,LZA3-3,590643.0,7416257.0,2318.0,2017-06-30,37.5
803,LZA7-1,591699.0,7394060.0,2312.0,2017-06-30,39.1
851,LZA7-2,593914.0,7388616.0,2311.0,2017-06-30,38.5
898,LZA9-1,584166.0,7379517.0,2310.0,2017-06-30,39.3
928,Paso_Jama,632989.0,7464136.0,4825.0,2017-06-30,35.7
1084,SOP,562717.0,7403324.0,2300.0,2017-06-30,29.6
1193,Toconao_DGAC,601775.479999999,7435529.78199999,2495.0,2017-06-30,25.5
1393,Toconao_P.,601777.0,7435573.0,2492.0,2017-06-30,27.0
1410,Toconao_Q.1,621564.0,7431858.0,3990.0,2017-06-30,31.2
1440,Toconao_Q.4,612592.0,7438698.0,3437.0,2017-06-30,25.0
430,KCL,561354.0,7396247.0,2307.0,2017-07-31,17.3
479,LZA10-1,577260.0,7374203.0,2373.0,2017-07-31,19.9
526,LZA12-1,592024.0,7417669.0,2322.0,2017-07-31,20.6
573,LZA12-2,593270.0,7394869.0,2317.0,2017-07-31,21.0
620,LZA12-3,589176.0,7451502.0,2359.0,2017-07-31,18.2
666,LZA3-1,591181.0,7403651.0,2306.0,2017-07-31,24.1
712,LZA3-2,590360.0,7408580.0,2306.0,2017-07-31,20.5
759,LZA3-3,590643.0,7416257.0,2318.0,2017-07-31,25.2
804,LZA7-1,591699.0,7394060.0,2312.0,2017-07-31,24.2
852,LZA7-2,593914.0,7388616.0,2311.0,2017-07-31,21.2
899,LZA9-1,584166.0,7379517.0,2310.0,2017-07-31,24.1
929,Paso_Jama,632989.0,7464136.0,4825.0,2017-07-31,23.1
1085,SOP,562717.0,7403324.0,2300.0,2017-07-31,17.6
1194,Toconao_DGAC,601775.479999999,7435529.78199999,2495.0,2017-07-31,12.1
1394,Toconao_P.,601777.0,7435573.0,2492.0,2017-07-31,13.3
1411,Toconao_Q.1,621564.0,7431858.0,3990.0,2017-07-31,19.4
1441,Toconao_Q.4,612592.0,7438698.0,3437.0,2017-07-31,14.1
431,KCL,561354.0,7396247.0,2307.0,2017-08-31,13.4
480,LZA10-1,577260.0,7374203.0,2373.0,2017-08-31,14.8
527,LZA12-1,592024.0,7417669.0,2322.0,2017-08-31,14.9
574,LZA12-2,593270.0,7394869.0,2317.0,2017-08-31,14.9
621,LZA12-3,589176.0,7451502.0,2359.0,2017-08-31,13.8
667,LZA3-1,591181.0,7403651.0,2306.0,2017-08-31,17.7
713,LZA3-2,590360.0,7408580.0,2306.0,2017-08-31,15.0
760,LZA3-3,590643.0,7416257.0,2318.0,2017-08-31,19.3
805,LZA7-1,591699.0,7394060.0,2312.0,2017-08-31,18.3
853,LZA7-2,593914.0,7388616.0,2311.0,2017-08-31,15.0
900,LZA9-1,584166.0,7379517.0,2310.0,2017-08-31,17.4
930,Paso_Jama,632989.0,7464136.0,4825.0,2017-08-31,18.0
955,Paso_Sico,658720.0,7364239.0,4323.0,2017-08-31,15.5
1086,SOP,562717.0,7403324.0,2300.0,2017-08-31,13.8
1195,Toconao_DGAC,601775.479999999,7435529.78199999,2495.0,2017-08-31,9.6
1395,Toconao_P.,601777.0,7435573.0,2492.0,2017-08-31,10.0
1412,Toconao_Q.1,621564.0,7431858.0,3990.0,2017-08-31,16.0
1442,Toconao_Q.4,612592.0,7438698.0,3437.0,2017-08-31,11.7
432,KCL,561354.0,7396247.0,2307.0,2017-09-30,14.7
481,LZA10-1,577260.0,7374203.0,2373.0,2017-09-30,15.8
528,LZA12-1,592024.0,7417669.0,2322.0,2017-09-30,16.5
575,LZA12-2,593270.0,7394869.0,2317.0,2017-09-30,16.3
622,LZA12-3,589176.0,7451502.0,2359.0,2017-09-30,15.8
714,LZA3-2,590360.0,7408580.0,2306.0,2017-09-30,15.6
761,LZA3-3,590643.0,7416257.0,2318.0,2017-09-30,19.3
806,LZA7-1,591699.0,7394060.0,2312.0,2017-09-30,18.5
854,LZA7-2,593914.0,7388616.0,2311.0,2017-09-30,15.7
931,Paso_Jama,632989.0,7464136.0,4825.0,2017-09-30,24.4
956,Paso_Sico,658720.0,7364239.0,4323.0,2017-09-30,20.6
1087,SOP,562717.0,7403324.0,2300.0,2017-09-30,14.4
1196,Toconao_DGAC,601775.479999999,7435529.78199999,2495.0,2017-09-30,11.8
1396,Toconao_P.,601777.0,7435573.0,2492.0,2017-09-30,13.1
1413,Toconao_Q.1,621564.0,7431858.0,3990.0,2017-09-30,21.2
1443,Toconao_Q.4,612592.0,7438698.0,3437.0,2017-09-30,16.4
220,Cordillera_Sal,544617.332,7385424.18699999,2363.11599999999,2017-10-31,6.1
433,KCL,561354.0,7396247.0,2307.0,2017-10-31,11.5
482,LZA10-1,577260.0,7374203.0,2373.0,2017-10-31,11.8
529,LZA12-1,592024.0,7417669.0,2322.0,2017-10-31,13.1
576,LZA12-2,593270.0,7394869.0,2317.0,2017-10-31,12.4
623,LZA12-3,589176.0,7451502.0,2359.0,2017-10-31,12.6
668,LZA3-1,591181.0,7403651.0,2306.0,2017-10-31,12.2
715,LZA3-2,590360.0,7408580.0,2306.0,2017-10-31,12.2
762,LZA3-3,590643.0,7416257.0,2318.0,2017-10-31,15.3
807,LZA7-1,591699.0,7394060.0,2312.0,2017-10-31,14.4
855,LZA7-2,593914.0,7388616.0,2311.0,2017-10-31,12.1
901,LZA9-1,584166.0,7379517.0,2310.0,2017-10-31,11.3
932,Paso_Jama,632989.0,7464136.0,4825.0,2017-10-31,18.4
957,Paso_Sico,658720.0,7364239.0,4323.0,2017-10-31,14.2
1088,SOP,562717.0,7403324.0,2300.0,2017-10-31,11.0
1197,Toconao_DGAC,601775.479999999,7435529.78199999,2495.0,2017-10-31,9.0
1397,Toconao_P.,601777.0,7435573.0,2492.0,2017-10-31,9.9
1414,Toconao_Q.1,621564.0,7431858.0,3990.0,2017-10-31,16.6
1444,Toconao_Q.4,612592.0,7438698.0,3437.0,2017-10-31,13.0
221,Cordillera_Sal,544617.332,7385424.18699999,2363.11599999999,2017-11-30,10.5
434,KCL,561354.0,7396247.0,2307.0,2017-11-30,14.6
483,LZA10-1,577260.0,7374203.0,2373.0,2017-11-30,15.3
530,LZA12-1,592024.0,7417669.0,2322.0,2017-11-30,17.1
577,LZA12-2,593270.0,7394869.0,2317.0,2017-11-30,16.2
624,LZA12-3,589176.0,7451502.0,2359.0,2017-11-30,17.2
669,LZA3-1,591181.0,7403651.0,2306.0,2017-11-30,16.0
716,LZA3-2,590360.0,7408580.0,2306.0,2017-11-30,15.7
763,LZA3-3,590643.0,7416257.0,2318.0,2017-11-30,18.2
808,LZA7-1,591699.0,7394060.0,2312.0,2017-11-30,17.8
856,LZA7-2,593914.0,7388616.0,2311.0,2017-11-30,15.6
902,LZA9-1,584166.0,7379517.0,2310.0,2017-11-30,14.6
933,Paso_Jama,632989.0,7464136.0,4825.0,2017-11-30,21.3
958,Paso_Sico,658720.0,7364239.0,4323.0,2017-11-30,17.4
1089,SOP,562717.0,7403324.0,2300.0,2017-11-30,13.8
1198,Toconao_DGAC,601775.479999999,7435529.78199999,2495.0,2017-11-30,12.5
1398,Toconao_P.,601777.0,7435573.0,2492.0,2017-11-30,14.1
1415,Toconao_Q.1,621564.0,7431858.0,3990.0,2017-11-30,21.6
1445,Toconao_Q.4,612592.0,7438698.0,3437.0,2017-11-30,18.2
222,Cordillera_Sal,544617.332,7385424.18699999,2363.11599999999,2017-12-31,13.3
435,KCL,561354.0,7396247.0,2307.0,2017-12-31,16.7
484,LZA10-1,577260.0,7374203.0,2373.0,2017-12-31,18.0
531,LZA12-1,592024.0,7417669.0,2322.0,2017-12-31,18.7
578,LZA12-2,593270.0,7394869.0,2317.0,2017-12-31,18.5
625,LZA12-3,589176.0,7451502.0,2359.0,2017-12-31,19.5
670,LZA3-1,591181.0,7403651.0,2306.0,2017-12-31,17.5
717,LZA3-2,590360.0,7408580.0,2306.0,2017-12-31,17.3
764,LZA3-3,590643.0,7416257.0,2318.0,2017-12-31,19.4
809,LZA7-1,591699.0,7394060.0,2312.0,2017-12-31,19.6
857,LZA7-2,593914.0,7388616.0,2311.0,2017-12-31,17.8
903,LZA9-1,584166.0,7379517.0,2310.0,2017-12-31,16.7
934,Paso_Jama,632989.0,7464136.0,4825.0,2017-12-31,29.9
959,Paso_Sico,658720.0,7364239.0,4323.0,2017-12-31,25.5
1090,SOP,562717.0,7403324.0,2300.0,2017-12-31,15.7
1199,Toconao_DGAC,601775.479999999,7435529.78199999,2495.0,2017-12-31,14.7
1399,Toconao_P.,601777.0,7435573.0,2492.0,2017-12-31,16.7
1416,Toconao_Q.1,621564.0,7431858.0,3990.0,2017-12-31,27.7
1446,Toconao_Q.4,612592.0,7438698.0,3437.0,2017-12-31,22.9
223,Cordillera_Sal,544617.332,7385424.18699999,2363.11599999999,2018-01-31,18.4
436,KCL,561354.0,7396247.0,2307.0,2018-01-31,19.8
485,LZA10-1,577260.0,7374203.0,2373.0,2018-01-31,22.3
532,LZA12-1,592024.0,7417669.0,2322.0,2018-01-31,22.7
579,LZA12-2,593270.0,7394869.0,2317.0,2018-01-31,23.2
626,LZA12-3,589176.0,7451502.0,2359.0,2018-01-31,24.5
671,LZA3-1,591181.0,7403651.0,2306.0,2018-01-31,21.8
718,LZA3-2,590360.0,7408580.0,2306.0,2018-01-31,21.3
765,LZA3-3,590643.0,7416257.0,2318.0,2018-01-31,23.4
810,LZA7-1,591699.0,7394060.0,2312.0,2018-01-31,23.8
858,LZA7-2,593914.0,7388616.0,2311.0,2018-01-31,22.2
904,LZA9-1,584166.0,7379517.0,2310.0,2018-01-31,21.0
935,Paso_Jama,632989.0,7464136.0,4825.0,2018-01-31,47.5
960,Paso_Sico,658720.0,7364239.0,4323.0,2018-01-31,39.4
1091,SOP,562717.0,7403324.0,2300.0,2018-01-31,19.6
1200,Toconao_DGAC,601775.479999999,7435529.78199999,2495.0,2018-01-31,19.8
1417,Toconao_Q.1,621564.0,7431858.0,3990.0,2018-01-31,41.2
1447,Toconao_Q.4,612592.0,7438698.0,3437.0,2018-01-31,33.2
207,Chaxa,583500.0,7424261.0,2307.0,2018-02-28,36.5
224,Cordillera_Sal,544617.332,7385424.18699999,2363.11599999999,2018-02-28,30.8
437,KCL,561354.0,7396247.0,2307.0,2018-02-28,31.6
486,LZA10-1,577260.0,7374203.0,2373.0,2018-02-28,32.9
533,LZA12-1,592024.0,7417669.0,2322.0,2018-02-28,36.2
580,LZA12-2,593270.0,7394869.0,2317.0,2018-02-28,36.1
627,LZA12-3,589176.0,7451502.0,2359.0,2018-02-28,41.6
672,LZA3-1,591181.0,7403651.0,2306.0,2018-02-28,34.5
719,LZA3-2,590360.0,7408580.0,2306.0,2018-02-28,33.4
766,LZA3-3,590643.0,7416257.0,2318.0,2018-02-28,35.3
811,LZA7-1,591699.0,7394060.0,2312.0,2018-02-28,35.5
859,LZA7-2,593914.0,7388616.0,2311.0,2018-02-28,34.8
905,LZA9-1,584166.0,7379517.0,2310.0,2018-02-28,32.4
936,Paso_Jama,632989.0,7464136.0,4825.0,2018-02-28,66.0
961,Paso_Sico,658720.0,7364239.0,4323.0,2018-02-28,58.9
1092,SOP,562717.0,7403324.0,2300.0,2018-02-28,31.6
1201,Toconao_DGAC,601775.479999999,7435529.78199999,2495.0,2018-02-28,37.1
1418,Toconao_Q.1,621564.0,7431858.0,3990.0,2018-02-28,62.7
1448,Toconao_Q.4,612592.0,7438698.0,3437.0,2018-02-28,56.8
208,Chaxa,583500.0,7424261.0,2307.0,2018-03-31,26.5
225,Cordillera_Sal,544617.332,7385424.18699999,2363.11599999999,2018-03-31,21.4
438,KCL,561354.0,7396247.0,2307.0,2018-03-31,24.3
487,LZA10-1,577260.0,7374203.0,2373.0,2018-03-31,24.3
534,LZA12-1,592024.0,7417669.0,2322.0,2018-03-31,26.5
581,LZA12-2,593270.0,7394869.0,2317.0,2018-03-31,26.8
628,LZA12-3,589176.0,7451502.0,2359.0,2018-03-31,27.2
673,LZA3-1,591181.0,7403651.0,2306.0,2018-03-31,25.7
720,LZA3-2,590360.0,7408580.0,2306.0,2018-03-31,24.4
767,LZA3-3,590643.0,7416257.0,2318.0,2018-03-31,27.2
812,LZA7-1,591699.0,7394060.0,2312.0,2018-03-31,26.9
860,LZA7-2,593914.0,7388616.0,2311.0,2018-03-31,25.2
906,LZA9-1,584166.0,7379517.0,2310.0,2018-03-31,24.4
937,Paso_Jama,632989.0,7464136.0,4825.0,2018-03-31,42.0
962,Paso_Sico,658720.0,7364239.0,4323.0,2018-03-31,35.7
1093,SOP,562717.0,7403324.0,2300.0,2018-03-31,22.7
1202,Toconao_DGAC,601775.479999999,7435529.78199999,2495.0,2018-03-31,22.1
1419,Toconao_Q.1,621564.0,7431858.0,3990.0,2018-03-31,40.2
1449,Toconao_Q.4,612592.0,7438698.0,3437.0,2018-03-31,34.8
209,Chaxa,583500.0,7424261.0,2307.0,2018-04-30,28.4
226,Cordillera_Sal,544617.332,7385424.18699999,2363.11599999999,2018-04-30,22.2
439,KCL,561354.0,7396247.0,2307.0,2018-04-30,26.5
488,LZA10-1,577260.0,7374203.0,2373.0,2018-04-30,25.1
535,LZA12-1,592024.0,7417669.0,2322.0,2018-04-30,27.9
582,LZA12-2,593270.0,7394869.0,2317.0,2018-04-30,28.1
629,LZA12-3,589176.0,7451502.0,2359.0,2018-04-30,27.6
674,LZA3-1,591181.0,7403651.0,2306.0,2018-04-30,27.5
721,LZA3-2,590360.0,7408580.0,2306.0,2018-04-30,25.7
768,LZA3-3,590643.0,7416257.0,2318.0,2018-04-30,28.9
813,LZA7-1,591699.0,7394060.0,2312.0,2018-04-30,28.4
861,LZA7-2,593914.0,7388616.0,2311.0,2018-04-30,26.0
907,LZA9-1,584166.0,7379517.0,2310.0,2018-04-30,25.9
938,Paso_Jama,632989.0,7464136.0,4825.0,2018-04-30,29.4
1094,SOP,562717.0,7403324.0,2300.0,2018-04-30,25.4
1203,Toconao_DGAC,601775.479999999,7435529.78199999,2495.0,2018-04-30,20.8
1420,Toconao_Q.1,621564.0,7431858.0,3990.0,2018-04-30,30.4
1450,Toconao_Q.4,612592.0,7438698.0,3437.0,2018-04-30,29.8
210,Chaxa,583500.0,7424261.0,2307.0,2018-05-31,19.0
227,Cordillera_Sal,544617.332,7385424.18699999,2363.11599999999,2018-05-31,11.1
440,KCL,561354.0,7396247.0,2307.0,2018-05-31,16.0
489,LZA10-1,577260.0,7374203.0,2373.0,2018-05-31,12.7
536,LZA12-1,592024.0,7417669.0,2322.0,2018-05-31,15.3
583,LZA12-2,593270.0,7394869.0,2317.0,2018-05-31,14.8
630,LZA12-3,589176.0,7451502.0,2359.0,2018-05-31,15.4
675,LZA3-1,591181.0,7403651.0,2306.0,2018-05-31,17.0
722,LZA3-2,590360.0,7408580.0,2306.0,2018-05-31,14.6
769,LZA3-3,590643.0,7416257.0,2318.0,2018-05-31,17.1
814,LZA7-1,591699.0,7394060.0,2312.0,2018-05-31,16.4
862,LZA7-2,593914.0,7388616.0,2311.0,2018-05-31,13.6
908,LZA9-1,584166.0,7379517.0,2310.0,2018-05-31,15.0
939,Paso_Jama,632989.0,7464136.0,4825.0,2018-05-31,20.2
1095,SOP,562717.0,7403324.0,2300.0,2018-05-31,15.3
1421,Toconao_Q.1,621564.0,7431858.0,3990.0,2018-05-31,18.6
1451,Toconao_Q.4,612592.0,7438698.0,3437.0,2018-05-31,15.3
211,Chaxa,583500.0,7424261.0,2307.0,2018-06-30,22.4
228,Cordillera_Sal,544617.332,7385424.18699999,2363.11599999999,2018-06-30,16.6
441,KCL,561354.0,7396247.0,2307.0,2018-06-30,20.8
490,LZA10-1,577260.0,7374203.0,2373.0,2018-06-30,17.7
537,LZA12-1,592024.0,7417669.0,2322.0,2018-06-30,22.2
584,LZA12-2,593270.0,7394869.0,2317.0,2018-06-30,21.0
631,LZA12-3,589176.0,7451502.0,2359.0,2018-06-30,22.1
676,LZA3-1,591181.0,7403651.0,2306.0,2018-06-30,23.5
723,LZA3-2,590360.0,7408580.0,2306.0,2018-06-30,20.6
815,LZA7-1,591699.0,7394060.0,2312.0,2018-06-30,22.4
863,LZA7-2,593914.0,7388616.0,2311.0,2018-06-30,19.7
909,LZA9-1,584166.0,7379517.0,2310.0,2018-06-30,21.2
940,Paso_Jama,632989.0,7464136.0,4825.0,2018-06-30,39.3
963,Paso_Sico,658720.0,7364239.0,4323.0,2018-06-30,44.6
1096,SOP,562717.0,7403324.0,2300.0,2018-06-30,19.6
1204,Toconao_DGAC,601775.479999999,7435529.78199999,2495.0,2018-06-30,20.3
1422,Toconao_Q.1,621564.0,7431858.0,3990.0,2018-06-30,32.3
1452,Toconao_Q.4,612592.0,7438698.0,3437.0,2018-06-30,24.7
212,Chaxa,583500.0,7424261.0,2307.0,2018-07-31,26.6
229,Cordillera_Sal,544617.332,7385424.18699999,2363.11599999999,2018-07-31,23.4
442,KCL,561354.0,7396247.0,2307.0,2018-07-31,25.7
491,LZA10-1,577260.0,7374203.0,2373.0,2018-07-31,24.5
538,LZA12-1,592024.0,7417669.0,2322.0,2018-07-31,27.0
585,LZA12-2,593270.0,7394869.0,2317.0,2018-07-31,26.5
632,LZA12-3,589176.0,7451502.0,2359.0,2018-07-31,26.2
677,LZA3-1,591181.0,7403651.0,2306.0,2018-07-31,28.5
724,LZA3-2,590360.0,7408580.0,2306.0,2018-07-31,26.2
816,LZA7-1,591699.0,7394060.0,2312.0,2018-07-31,27.7
864,LZA7-2,593914.0,7388616.0,2311.0,2018-07-31,25.8
910,LZA9-1,584166.0,7379517.0,2310.0,2018-07-31,27.2
941,Paso_Jama,632989.0,7464136.0,4825.0,2018-07-31,45.7
964,Paso_Sico,658720.0,7364239.0,4323.0,2018-07-31,36.0
1097,SOP,562717.0,7403324.0,2300.0,2018-07-31,24.4
1205,Toconao_DGAC,601775.479999999,7435529.78199999,2495.0,2018-07-31,23.9
1423,Toconao_Q.1,621564.0,7431858.0,3990.0,2018-07-31,38.4
1453,Toconao_Q.4,612592.0,7438698.0,3437.0,2018-07-31,29.7
213,Chaxa,583500.0,7424261.0,2307.0,2018-08-31,18.4
230,Cordillera_Sal,544617.332,7385424.18699999,2363.11599999999,2018-08-31,11.4
443,KCL,561354.0,7396247.0,2307.0,2018-08-31,16.1
492,LZA10-1,577260.0,7374203.0,2373.0,2018-08-31,15.2
539,LZA12-1,592024.0,7417669.0,2322.0,2018-08-31,15.1
586,LZA12-2,593270.0,7394869.0,2317.0,2018-08-31,14.5
633,LZA12-3,589176.0,7451502.0,2359.0,2018-08-31,14.3
678,LZA3-1,591181.0,7403651.0,2306.0,2018-08-31,17.4
725,LZA3-2,590360.0,7408580.0,2306.0,2018-08-31,15.3
770,LZA3-3,590643.0,7416257.0,2318.0,2018-08-31,15.5
817,LZA7-1,591699.0,7394060.0,2312.0,2018-08-31,16.5
865,LZA7-2,593914.0,7388616.0,2311.0,2018-08-31,13.8
911,LZA9-1,584166.0,7379517.0,2310.0,2018-08-31,16.4
942,Paso_Jama,632989.0,7464136.0,4825.0,2018-08-31,28.2
965,Paso_Sico,658720.0,7364239.0,4323.0,2018-08-31,25.3
1098,SOP,562717.0,7403324.0,2300.0,2018-08-31,14.2
1206,Toconao_DGAC,601775.479999999,7435529.78199999,2495.0,2018-08-31,12.9
1424,Toconao_Q.1,621564.0,7431858.0,3990.0,2018-08-31,25.8
1454,Toconao_Q.4,612592.0,7438698.0,3437.0,2018-08-31,18.0
214,Chaxa,583500.0,7424261.0,2307.0,2018-09-30,13.2
231,Cordillera_Sal,544617.332,7385424.18699999,2363.11599999999,2018-09-30,7.3
444,KCL,561354.0,7396247.0,2307.0,2018-09-30,11.7
493,LZA10-1,577260.0,7374203.0,2373.0,2018-09-30,10.3
540,LZA12-1,592024.0,7417669.0,2322.0,2018-09-30,10.8
587,LZA12-2,593270.0,7394869.0,2317.0,2018-09-30,10.6
634,LZA12-3,589176.0,7451502.0,2359.0,2018-09-30,10.2
679,LZA3-1,591181.0,7403651.0,2306.0,2018-09-30,12.3
726,LZA3-2,590360.0,7408580.0,2306.0,2018-09-30,10.6
771,LZA3-3,590643.0,7416257.0,2318.0,2018-09-30,14.0
818,LZA7-1,591699.0,7394060.0,2312.0,2018-09-30,12.5
866,LZA7-2,593914.0,7388616.0,2311.0,2018-09-30,9.8
912,LZA9-1,584166.0,7379517.0,2310.0,2018-09-30,11.2
943,Paso_Jama,632989.0,7464136.0,4825.0,2018-09-30,16.4
966,Paso_Sico,658720.0,7364239.0,4323.0,2018-09-30,14.4
1099,SOP,562717.0,7403324.0,2300.0,2018-09-30,9.6
1425,Toconao_Q.1,621564.0,7431858.0,3990.0,2018-09-30,14.9
1455,Toconao_Q.4,612592.0,7438698.0,3437.0,2018-09-30,11.8
215,Chaxa,583500.0,7424261.0,2307.0,2018-10-31,14.8
232,Cordillera_Sal,544617.332,7385424.18699999,2363.11599999999,2018-10-31,10.5
445,KCL,561354.0,7396247.0,2307.0,2018-10-31,14.4
494,LZA10-1,577260.0,7374203.0,2373.0,2018-10-31,13.0
541,LZA12-1,592024.0,7417669.0,2322.0,2018-10-31,14.3
588,LZA12-2,593270.0,7394869.0,2317.0,2018-10-31,13.8
635,LZA12-3,589176.0,7451502.0,2359.0,2018-10-31,14.1
680,LZA3-1,591181.0,7403651.0,2306.0,2018-10-31,14.4
727,LZA3-2,590360.0,7408580.0,2306.0,2018-10-31,13.5
772,LZA3-3,590643.0,7416257.0,2318.0,2018-10-31,16.4
819,LZA7-1,591699.0,7394060.0,2312.0,2018-10-31,15.3
867,LZA7-2,593914.0,7388616.0,2311.0,2018-10-31,12.9
913,LZA9-1,584166.0,7379517.0,2310.0,2018-10-31,13.7
944,Paso_Jama,632989.0,7464136.0,4825.0,2018-10-31,22.8
1100,SOP,562717.0,7403324.0,2300.0,2018-10-31,11.6
1426,Toconao_Q.1,621564.0,7431858.0,3990.0,2018-10-31,23.4
1456,Toconao_Q.4,612592.0,7438698.0,3437.0,2018-10-31,23.3
216,Chaxa,583500.0,7424261.0,2307.0,2018-11-30,14.5
233,Cordillera_Sal,544617.332,7385424.18699999,2363.11599999999,2018-11-30,10.3
446,KCL,561354.0,7396247.0,2307.0,2018-11-30,13.8
495,LZA10-1,577260.0,7374203.0,2373.0,2018-11-30,12.9
542,LZA12-1,592024.0,7417669.0,2322.0,2018-11-30,14.5
589,LZA12-2,593270.0,7394869.0,2317.0,2018-11-30,14.0
636,LZA12-3,589176.0,7451502.0,2359.0,2018-11-30,15.2
681,LZA3-1,591181.0,7403651.0,2306.0,2018-11-30,14.0
728,LZA3-2,590360.0,7408580.0,2306.0,2018-11-30,13.4
773,LZA3-3,590643.0,7416257.0,2318.0,2018-11-30,16.0
820,LZA7-1,591699.0,7394060.0,2312.0,2018-11-30,15.2
868,LZA7-2,593914.0,7388616.0,2311.0,2018-11-30,13.0
914,LZA9-1,584166.0,7379517.0,2310.0,2018-11-30,13.1
945,Paso_Jama,632989.0,7464136.0,4825.0,2018-11-30,22.7
1101,SOP,562717.0,7403324.0,2300.0,2018-11-30,11.6
1427,Toconao_Q.1,621564.0,7431858.0,3990.0,2018-11-30,23.6
217,Chaxa,583500.0,7424261.0,2307.0,2018-12-31,14.6
234,Cordillera_Sal,544617.332,7385424.18699999,2363.11599999999,2018-12-31,10.9
447,KCL,561354.0,7396247.0,2307.0,2018-12-31,14.3
496,LZA10-1,577260.0,7374203.0,2373.0,2018-12-31,13.6
543,LZA12-1,592024.0,7417669.0,2322.0,2018-12-31,15.0
590,LZA12-2,593270.0,7394869.0,2317.0,2018-12-31,15.0
637,LZA12-3,589176.0,7451502.0,2359.0,2018-12-31,15.3
682,LZA3-1,591181.0,7403651.0,2306.0,2018-12-31,14.7
729,LZA3-2,590360.0,7408580.0,2306.0,2018-12-31,14.0
774,LZA3-3,590643.0,7416257.0,2318.0,2018-12-31,16.3
821,LZA7-1,591699.0,7394060.0,2312.0,2018-12-31,15.8
869,LZA7-2,593914.0,7388616.0,2311.0,2018-12-31,13.8
915,LZA9-1,584166.0,7379517.0,2310.0,2018-12-31,13.8
946,Paso_Jama,632989.0,7464136.0,4825.0,2018-12-31,27.7
1102,SOP,562717.0,7403324.0,2300.0,2018-12-31,12.3
1428,Toconao_Q.1,621564.0,7431858.0,3990.0,2018-12-31,23.8
218,Chaxa,583500.0,7424261.0,2307.0,2019-01-31,28.7
235,Cordillera_Sal,544617.332,7385424.18699999,2363.11599999999,2019-01-31,24.7
448,KCL,561354.0,7396247.0,2307.0,2019-01-31,27.6
497,LZA10-1,577260.0,7374203.0,2373.0,2019-01-31,26.9
544,LZA12-1,592024.0,7417669.0,2322.0,2019-01-31,30.2
591,LZA12-2,593270.0,7394869.0,2317.0,2019-01-31,30.9
638,LZA12-3,589176.0,7451502.0,2359.0,2019-01-31,31.2
683,LZA3-1,591181.0,7403651.0,2306.0,2019-01-31,29.4
730,LZA3-2,590360.0,7408580.0,2306.0,2019-01-31,28.5
775,LZA3-3,590643.0,7416257.0,2318.0,2019-01-31,30.0
822,LZA7-1,591699.0,7394060.0,2312.0,2019-01-31,30.5
870,LZA7-2,593914.0,7388616.0,2311.0,2019-01-31,28.7
916,LZA9-1,584166.0,7379517.0,2310.0,2019-01-31,27.3
947,Paso_Jama,632989.0,7464136.0,4825.0,2019-01-31,47.1
1103,SOP,562717.0,7403324.0,2300.0,2019-01-31,25.1
1429,Toconao_Q.1,621564.0,7431858.0,3990.0,2019-01-31,45.2
1457,Toconao_Q.4,612592.0,7438698.0,3437.0,2019-01-31,24.9
219,Chaxa,583500.0,7424261.0,2307.0,2019-02-28,46.2
236,Cordillera_Sal,544617.332,7385424.18699999,2363.11599999999,2019-02-28,35.0
449,KCL,561354.0,7396247.0,2307.0,2019-02-28,36.6
498,LZA10-1,577260.0,7374203.0,2373.0,2019-02-28,53.2
545,LZA12-1,592024.0,7417669.0,2322.0,2019-02-28,68.9
592,LZA12-2,593270.0,7394869.0,2317.0,2019-02-28,69.3
639,LZA12-3,589176.0,7451502.0,2359.0,2019-02-28,57.6
684,LZA3-1,591181.0,7403651.0,2306.0,2019-02-28,48.3
731,LZA3-2,590360.0,7408580.0,2306.0,2019-02-28,64.8
776,LZA3-3,590643.0,7416257.0,2318.0,2019-02-28,55.0
823,LZA7-1,591699.0,7394060.0,2312.0,2019-02-28,69.8
871,LZA7-2,593914.0,7388616.0,2311.0,2019-02-28,66.3
917,LZA9-1,584166.0,7379517.0,2310.0,2019-02-28,63.0
1104,SOP,562717.0,7403324.0,2300.0,2019-02-28,35.2
450,KCL,561354.0,7396247.0,2307.0,2019-03-31,19.8
1105,SOP,562717.0,7403324.0,2300.0,2019-03-31,18.7
451,KCL,561354.0,7396247.0,2307.0,2019-04-30,20.3
